residue_pair,nef_max_distance_A,star_max_distance_A,model_1_min_heavy_atom_distance_A,model_2_min_heavy_atom_distance_A,model_3_min_heavy_atom_distance_A,model_4_min_heavy_atom_distance_A,model_5_min_heavy_atom_distance_A,model_6_min_heavy_atom_distance_A,model_7_min_heavy_atom_distance_A,model_8_min_heavy_atom_distance_A,model_9_min_heavy_atom_distance_A,model_10_min_heavy_atom_distance_A
A:2--A:3,4.080000,4.080000,1.321675,1.329585,1.327692,1.331503,1.329185,1.329202,1.329199,1.327803,1.322276,1.330360
A:2--A:4,4.520000,4.520000,3.064855,3.669022,3.186842,3.004478,3.740537,3.201994,3.823690,2.523538,3.667138,3.152309
A:3--A:7,5.080000,5.080000,3.408718,3.494823,4.571603,4.191644,4.235512,3.547724,3.966926,4.293671,4.770339,4.158621
A:4--A:6,7.200000,7.200000,2.368318,3.171595,2.774062,2.977463,3.093769,3.086684,3.075393,3.067557,3.046715,2.975942
A:4--A:7,4.080000,4.080000,3.281571,2.935739,2.741495,3.030572,3.840855,3.649501,3.646040,3.665571,2.754546,3.062009
A:4--A:8,5.080000,5.080000,4.635499,3.940582,4.322386,4.392427,4.800539,4.900126,4.925753,4.942193,3.642971,4.430945
A:5--A:6,5.660000,5.660000,1.328347,1.329163,1.330396,1.327886,1.328299,1.329483,1.328583,1.329456,1.326396,1.327309
A:5--A:7,5.080000,5.080000,3.003874,2.995831,3.007051,3.052370,3.250005,3.110530,3.131567,3.096626,3.092946,3.047748
A:5--A:9,5.080000,5.080000,3.641479,3.653025,3.665527,3.675354,3.489128,3.643636,3.622596,3.595422,3.692815,3.673979
A:6--A:7,7.200000,7.200000,1.327581,1.330009,1.325713,1.327823,1.329644,1.328338,1.329717,1.328851,1.329094,1.328599
A:6--A:8,5.080000,5.080000,3.217199,3.224456,3.207862,3.210988,3.184760,3.230822,3.258888,3.217146,3.213606,3.216188
A:6--A:9,5.080000,5.080000,3.278537,3.267277,3.260069,3.266572,3.146425,3.329147,3.327974,3.295624,3.226622,3.303946
A:6--A:10,4.080000,4.080000,3.110241,3.072896,3.115697,3.116872,3.553367,3.148031,3.166641,3.180854,3.031001,3.090858
A:6--A:49,4.080000,4.080000,2.547522,2.495839,2.541533,2.604099,2.358456,2.600162,2.474511,2.424992,3.180004,2.636568
A:6--A:54,9.445622,9.445622,6.292976,6.390590,6.254213,6.263386,5.843909,6.224444,6.297430,6.332204,6.247289,6.291052
A:6--A:56,9.445622,9.445622,7.885192,7.947197,7.687534,7.837097,5.718317,7.860615,7.899677,7.874414,5.959383,7.822748
A:7--A:8,4.860000,4.860000,1.329595,1.330083,1.329910,1.330679,1.319411,1.330776,1.330793,1.328514,1.329425,1.330248
A:7--A:9,7.160000,7.160000,3.298137,3.283582,3.274094,3.275408,3.194882,3.277308,3.275534,3.275082,3.271785,3.291732
A:7--A:10,5.080000,5.080000,3.253965,3.196444,3.208114,3.226039,3.126037,3.230513,3.204506,3.239400,3.278630,3.254177
A:7--A:11,4.080000,4.080000,2.875727,2.703946,2.878885,2.881797,3.538000,2.937729,2.402871,2.891721,3.005330,2.866983
A:7--A:46,9.445622,10.328037,7.222986,5.285228,7.083192,7.240280,7.015510,7.267534,5.289967,6.892298,7.346785,6.797689
A:7--A:49,6.240000,6.240000,2.610799,2.553887,2.627226,2.695491,2.973062,2.692149,2.587114,2.561886,2.652816,2.735692
A:8--A:9,6.160000,6.160000,1.330677,1.328026,1.330097,1.328183,1.327314,1.328221,1.328514,1.328708,1.328918,1.329510
A:8--A:10,7.160000,7.160000,3.199580,3.187117,3.225039,3.221691,3.133247,3.226914,3.186319,3.240748,3.241791,3.236456
A:8--A:11,5.080000,5.080000,3.147276,3.169037,3.268060,3.240303,3.098631,3.297623,3.169959,3.317450,3.381219,3.290103
A:8--A:12,4.080000,4.080000,2.920651,2.942080,3.042503,2.992687,3.115934,3.080633,2.897681,3.044408,3.119746,3.039262
A:9--A:10,6.160000,6.160000,1.322061,1.324461,1.324508,1.324431,1.329017,1.326256,1.324004,1.324477,1.324303,1.323436
A:9--A:11,7.160000,7.160000,3.250256,3.284295,3.291732,3.284267,3.249924,3.301077,3.286225,3.312029,3.354035,3.291466
A:9--A:12,5.080000,5.080000,3.301561,3.344189,3.363179,3.357320,3.193243,3.325372,3.348401,3.400505,3.439927,3.335250
A:9--A:13,4.080000,4.080000,3.309356,3.327110,3.304967,3.285796,3.046099,3.325482,3.274460,3.300870,3.290308,3.319449
A:9--A:59,10.893498,10.893498,5.076300,5.425653,4.720307,4.935970,4.326146,4.991393,5.262582,5.016014,4.520656,5.042891
A:9--A:75,8.008999,8.008999,3.839281,3.885811,3.878927,4.078048,4.001214,4.075380,3.773207,3.873550,4.105528,3.917584
A:9--A:76,9.445622,9.445622,5.354674,5.438463,5.259186,5.688246,5.474360,5.622801,5.468043,5.340876,5.216425,5.213642
A:10--A:11,5.660000,5.660000,1.325039,1.326126,1.323644,1.324089,1.322243,1.323836,1.326038,1.323398,1.323427,1.322854
A:10--A:12,5.080000,5.080000,3.305784,3.302973,3.310092,3.318004,3.268968,3.274181,3.327147,3.311712,3.310691,3.291271
A:10--A:13,5.842811,5.842811,2.757975,2.752545,2.757968,2.758228,3.003217,2.756268,2.765749,2.753317,2.758916,2.745744
A:10--A:14,4.080000,4.080000,3.267022,3.321289,3.264868,3.242451,2.956923,3.260902,3.297438,3.338507,3.360730,3.322002
A:10--A:42,8.244685,8.244685,4.747214,4.739456,4.611595,4.584280,3.787658,4.689014,4.667188,4.641937,4.689636,4.647876
A:10--A:45,6.443280,6.443280,3.171960,3.159465,3.184962,3.224296,3.616109,3.191335,3.167485,3.177214,3.197096,3.170023
A:10--A:46,7.003748,7.003748,4.667611,3.839780,4.589488,4.642993,4.132734,4.566273,3.855953,4.449279,4.548320,4.428201
A:10--A:49,6.443280,6.443280,3.669271,3.730254,3.593637,3.583009,2.783938,3.581557,3.715565,3.742272,3.609460,3.588042
A:10--A:50,9.405622,9.405622,7.118478,7.195952,7.184919,7.183219,7.778448,7.130470,7.230470,7.216584,7.199484,7.241193
A:10--A:54,7.287874,7.287874,3.888341,3.898276,3.895632,3.941340,4.086517,3.906095,3.888334,3.858070,3.874861,3.849847
A:10--A:59,8.244685,8.244685,5.441499,5.513948,5.459486,5.675372,5.834482,5.671342,5.440695,5.431043,5.331191,5.312500
A:11--A:12,5.660000,5.660000,1.332845,1.331320,1.331132,1.331703,1.331477,1.330907,1.331235,1.330062,1.329974,1.331950
A:11--A:13,7.200000,7.200000,3.338652,3.347325,3.329865,3.318438,3.364190,3.321081,3.330486,3.343046,3.328729,3.336653
A:11--A:14,6.200000,6.200000,3.358684,3.356491,3.314706,3.280678,3.487546,3.304391,3.365089,3.340974,3.347649,3.299371
A:11--A:15,4.080000,4.080000,3.297344,3.372844,3.275879,3.190242,3.181280,3.494502,3.316081,3.455201,3.375923,3.350675
A:11--A:42,7.240000,7.240000,5.396861,4.797495,4.506736,2.578462,3.498947,4.203242,4.978898,3.804248,4.084698,2.606026
A:12--A:13,4.860000,4.860000,1.329250,1.328544,1.328237,1.328734,1.330380,1.328532,1.328869,1.327738,1.327878,1.329060
A:12--A:14,5.080000,5.080000,3.271669,3.242277,3.257758,3.267818,3.380350,3.264201,3.284758,3.243510,3.267356,3.236441
A:12--A:15,6.200000,6.200000,3.425596,3.330017,3.386519,3.391035,3.668891,3.107747,3.408797,3.374858,3.410888,3.358504
A:12--A:16,4.080000,4.080000,3.100846,3.195882,3.056428,3.045601,3.197728,3.093081,3.227234,3.268202,3.050493,3.137964
A:12--A:75,7.043748,7.043748,4.157325,4.334576,4.221995,4.263405,3.954475,4.273221,4.291876,4.116465,4.389716,4.313941
A:13--A:14,7.043748,7.043748,1.327299,1.326555,1.327808,1.329911,1.325611,1.327776,1.328846,1.327072,1.329191,1.327697
A:13--A:15,7.160000,7.160000,3.277295,3.241325,3.269759,3.267423,3.256902,3.314172,3.258014,3.264597,3.275453,3.262419
A:13--A:16,5.080000,5.080000,3.311980,3.257556,3.300045,3.292279,3.241553,3.151312,3.253751,3.291659,3.304407,3.258219
A:13--A:17,4.080000,4.080000,3.020486,3.094673,3.013899,3.029306,2.906133,3.088231,3.103802,3.133624,2.997010,3.028673
A:13--A:25,10.893498,10.893498,7.111349,7.317892,7.103933,7.099904,7.092056,6.963687,7.058220,7.265864,7.077231,7.144690
A:13--A:45,8.008999,8.008999,3.936010,3.982961,3.944634,3.957946,3.942842,3.709345,4.121069,3.969214,3.884206,3.821112
A:13--A:59,10.893498,10.893498,5.411825,5.684600,5.237567,5.355765,5.253095,5.348966,5.598975,5.564104,5.338580,5.394313
A:13--A:63,8.008999,8.008999,4.561858,4.602586,4.563789,4.500198,4.651200,4.833218,4.497249,4.450634,4.552026,4.491477
A:13--A:71,8.244685,8.244685,5.423689,5.326153,5.659388,5.411359,5.354387,5.665665,5.158485,5.401623,5.422441,5.733603
A:13--A:75,5.740000,5.740000,3.743089,3.651973,3.696102,3.640986,3.638739,3.567255,3.663667,3.653380,3.587096,3.657232
A:13--A:76,10.893498,10.893498,6.523195,6.256768,6.526525,6.631426,6.582937,6.612379,6.240534,6.345932,6.639696,6.385450
A:14--A:15,5.660000,5.660000,1.326434,1.326628,1.325383,1.326832,1.324817,1.329238,1.327450,1.325897,1.325542,1.326034
A:14--A:16,5.080000,5.080000,3.317710,3.307752,3.318132,3.317320,3.301356,3.205281,3.269234,3.309811,3.319764,3.301354
A:14--A:17,5.080000,5.080000,3.493645,3.503177,3.494097,3.556400,3.351028,3.607083,3.407680,3.527866,3.545478,3.503352
A:14--A:41,8.244685,8.244685,3.439725,3.502850,3.349969,3.406354,3.046475,3.140824,3.856203,3.389811,3.447294,3.331860
A:14--A:42,5.740000,5.740000,3.912221,3.944150,3.832307,3.896677,3.657376,3.669237,3.910993,3.925245,3.982116,3.831332
A:14--A:45,5.080000,5.080000,2.800006,2.752915,2.869050,2.880237,3.218783,2.934581,2.706258,2.767643,2.796117,2.810529
A:15--A:16,5.660000,5.660000,1.329700,1.330362,1.328376,1.328869,1.327737,1.327750,1.327827,1.329565,1.329982,1.329179
A:15--A:17,7.160000,7.160000,3.319413,3.323680,3.319252,3.327141,3.330589,3.304353,3.306177,3.333918,3.318667,3.317945
A:15--A:42,7.200000,7.200000,5.245770,5.975017,5.967322,5.960045,5.142430,5.489077,5.077326,5.294725,5.987011,6.038186
A:16--A:17,4.860000,4.860000,1.329723,1.328714,1.327125,1.329355,1.329912,1.329612,1.329189,1.327532,1.327359,1.326726
A:16--A:63,9.405622,9.405622,6.535998,6.560381,6.441303,6.475859,6.620258,6.053644,6.594760,6.602520,6.580483,6.503906
A:16--A:68,8.204685,8.940031,3.919871,3.833190,4.154415,3.538321,3.968213,3.797568,3.847657,3.576592,3.889274,4.060679
A:16--A:71,7.287874,7.287874,3.549370,3.534052,3.914393,3.450421,3.450957,3.867232,3.571973,3.500355,3.440074,3.834700
A:16--A:75,9.405622,9.405622,5.985677,6.234102,5.917815,5.956711,5.738765,5.491256,6.310969,6.216579,5.711968,5.972458
A:17--A:18,5.700000,5.700000,1.328379,1.330068,1.328322,1.331647,1.328251,1.330709,1.329538,1.330499,1.329344,1.329161
A:17--A:21,6.443280,6.443280,3.017423,3.055852,3.034691,3.037025,2.991900,3.193271,3.123712,3.094260,3.048503,3.022964
A:17--A:22,8.204685,8.204685,4.524084,4.433868,4.531027,4.493987,4.019829,4.275369,4.488836,3.221643,4.542094,4.502321
A:17--A:25,7.043748,7.043748,3.825701,3.930512,3.830359,3.808226,4.006243,3.600985,3.720119,3.892013,3.868816,3.859949
A:17--A:41,10.893498,10.893498,6.887377,7.291000,6.853589,7.142785,6.904702,7.242453,7.178786,7.432506,7.511634,7.155897
A:17--A:45,9.451248,9.451248,6.170215,6.093868,6.198156,6.161854,6.109942,6.357544,6.140471,6.193990,6.250824,6.010793
A:17--A:63,8.008999,8.008999,4.166198,4.094055,3.998952,4.076116,3.976394,3.932691,4.190172,3.895711,4.054105,4.106154
A:17--A:66,8.008999,8.008999,3.907972,3.922669,4.058407,3.949239,3.924203,3.997792,3.977329,3.990952,3.971774,3.875846
A:17--A:68,6.443280,6.958022,4.583673,4.301274,4.637291,4.261091,4.465012,4.490385,4.418186,4.193492,4.470297,4.627243
A:17--A:71,6.566749,6.566749,4.124879,4.647095,4.241225,4.669409,3.744893,4.018181,4.712831,4.459409,3.831164,4.350491
A:18--A:19,5.700000,5.700000,1.326373,1.327147,1.328479,1.329874,1.327498,1.327446,1.329506,1.328624,1.327002,1.327290
A:18--A:20,7.200000,7.200000,2.942725,2.979431,3.019626,3.018034,3.086828,3.030919,2.938615,3.082595,2.970682,2.971180
A:18--A:21,4.080000,4.080000,3.008072,3.063468,3.062239,3.098719,2.885731,3.024645,3.022142,3.024888,3.054852,3.062459
A:18--A:22,4.080000,4.080000,2.925364,2.959200,2.892643,2.965847,2.703980,2.867564,2.965585,2.700322,2.987377,2.970163
A:18--A:66,9.405622,9.405622,7.148955,7.168678,7.311099,7.182134,6.988942,7.102454,7.186213,7.169220,7.186973,7.037170
A:18--A:68,5.080000,5.080000,2.725192,2.594148,3.052002,2.600709,2.972614,3.071619,2.619019,3.323901,2.641174,2.573208
A:19--A:20,5.660000,5.660000,1.327143,1.326474,1.323258,1.327209,1.325472,1.321619,1.328924,1.328448,1.327805,1.326949
A:19--A:21,5.080000,5.080000,3.499294,3.484848,3.406359,3.494732,3.181478,3.381400,3.355496,3.327552,3.496110,3.496496
A:19--A:22,5.080000,5.080000,3.164198,3.178083,3.174879,3.195980,3.247361,3.180498,3.184888,3.433484,3.175976,3.179764
A:19--A:41,9.445622,9.445622,7.433818,7.882402,7.453970,8.058725,7.116928,8.006844,8.166596,7.837406,7.987215,7.819467
A:20--A:21,5.660000,5.660000,1.333101,1.333850,1.332677,1.335939,1.332626,1.335268,1.337939,1.332817,1.332642,1.331703
A:20--A:22,7.200000,7.200000,3.413714,3.428375,3.446492,3.427753,3.389422,3.459834,3.553398,3.326676,3.418519,3.422110
A:20--A:23,5.080000,5.080000,3.386461,3.355943,3.327675,3.340457,3.412686,3.317654,3.681855,3.410040,3.290993,3.279140
A:20--A:24,5.080000,5.080000,4.308457,4.139681,4.248848,4.242155,4.144490,4.158476,4.426557,3.851219,4.284373,4.290009
A:21--A:22,5.660000,5.660000,1.333928,1.332811,1.335169,1.331457,1.338087,1.336393,1.330713,1.326215,1.332490,1.333897
A:21--A:23,5.080000,5.080000,2.887610,2.927510,2.919985,2.910275,3.010324,2.930264,2.912502,3.078035,2.888938,2.883498
A:21--A:24,4.080000,4.080000,2.770799,2.789326,2.811783,2.790869,2.928818,2.824713,2.824619,2.904172,2.779302,2.780989
A:21--A:25,4.080000,4.080000,3.535875,3.493837,3.419124,3.479773,3.343235,3.428675,3.484516,3.369026,3.507484,3.548292
A:21--A:66,5.740000,5.740000,3.309626,3.037861,3.233857,3.064394,3.332657,3.254885,3.203544,3.018385,3.203486,3.419786
A:21--A:68,4.080000,4.080000,2.814869,2.721414,3.014178,2.757464,2.753537,3.110762,2.766618,2.988240,2.915433,2.559299
A:22--A:23,5.660000,5.660000,1.326914,1.325231,1.326509,1.326088,1.324768,1.327984,1.329818,1.328199,1.327231,1.327052
A:22--A:24,5.080000,5.080000,3.201294,3.216279,3.197065,3.201623,3.193846,3.208156,3.232796,3.206281,3.203227,3.205345
A:22--A:25,5.080000,5.080000,3.225903,3.239662,3.190991,3.210414,3.213058,3.222482,3.299065,3.175511,3.222286,3.219339
A:22--A:26,5.080000,5.080000,3.400476,3.456474,3.413509,3.414836,3.411317,3.401677,3.441833,3.463110,3.406195,3.389167
A:22--A:41,7.043748,7.043748,4.105079,4.141286,4.062043,4.355997,4.114913,4.287818,4.278630,3.129702,4.380946,4.140477
A:22--A:66,8.204685,8.204685,5.769702,5.738925,5.733304,5.734565,5.677712,5.687474,5.782796,5.614501,5.740409,5.523664
A:23--A:24,5.660000,5.660000,1.327434,1.329298,1.327691,1.328452,1.328296,1.328684,1.329310,1.330294,1.328970,1.329092
A:23--A:25,5.080000,5.080000,3.241841,3.224074,3.232953,3.231666,3.256494,3.231597,3.238504,3.215616,3.242803,3.237843
A:23--A:26,5.080000,5.080000,3.313168,3.243800,3.324811,3.302285,3.331997,3.297310,3.279444,3.213415,3.299719,3.272551
A:23--A:27,4.080000,4.080000,3.061188,3.043209,3.109686,3.076148,3.103658,3.066418,3.020591,3.051218,3.083265,3.034690
A:23--A:136,7.043748,7.043748,4.659956,4.590022,4.516594,4.625402,4.575167,4.641863,4.546856,4.701472,4.599127,4.610467
A:24--A:25,5.660000,5.660000,1.329382,1.328947,1.329205,1.330117,1.329818,1.328910,1.327707,1.329656,1.328341,1.327440
A:24--A:26,7.200000,7.200000,3.288411,3.256180,3.280367,3.276755,3.274510,3.279306,3.260497,3.251211,3.262130,3.254558
A:24--A:27,5.080000,5.080000,3.220874,3.159921,3.179503,3.186188,3.168733,3.185392,3.195531,3.119352,3.168911,3.169976
A:24--A:28,4.080000,4.080000,2.747107,2.723355,2.716433,2.729964,2.699738,2.707607,2.704066,2.714436,2.696134,2.703746
A:24--A:66,6.443280,6.443280,3.515080,3.527412,3.477722,3.514926,3.498920,3.485366,3.446595,3.529176,3.506424,3.446680
A:24--A:102,7.240000,7.240000,5.429070,5.390878,5.594908,5.580654,5.560248,5.489301,5.628277,5.416664,5.605189,5.331254
A:24--A:105,9.405622,9.405622,6.176282,5.826909,6.313674,6.301233,6.308643,6.165484,6.354905,6.195480,6.352178,5.997604
A:24--A:106,8.204685,8.204685,5.657266,5.372284,5.803788,5.903798,5.630042,5.752556,5.816087,5.755676,5.810214,2.785712
A:24--A:136,6.443280,6.443280,3.993774,3.795548,3.890574,3.913702,3.905714,3.987786,3.888477,3.793079,3.936198,4.006248
A:25--A:26,4.860000,4.860000,1.328484,1.329477,1.328321,1.329404,1.329345,1.327353,1.327093,1.328612,1.329375,1.328968
A:25--A:27,7.160000,7.160000,3.266255,3.261613,3.257006,3.261316,3.251772,3.255944,3.287961,3.236871,3.266038,3.273104
A:25--A:28,5.080000,5.080000,3.454570,3.443082,3.454223,3.457388,3.435983,3.436251,3.497149,3.418065,3.427898,3.485640
A:25--A:29,4.080000,4.080000,2.867383,2.903248,2.880107,2.930960,2.913907,2.856330,2.933983,2.932364,2.879522,2.930768
A:25--A:41,10.893498,10.893498,5.148894,5.102702,5.077804,5.133488,4.976392,5.172764,5.150800,4.955031,5.156829,4.645062
A:25--A:44,7.287874,7.287874,3.859122,3.781551,3.911974,3.699985,3.597216,3.914602,3.806402,3.882673,3.797653,3.652243
A:25--A:45,8.008999,8.008999,5.008957,4.846062,5.077900,5.057426,4.706442,5.180844,4.789045,4.833335,5.037160,4.660833
A:25--A:59,9.445622,9.445622,6.026354,6.117588,6.104550,6.097802,6.026777,6.086815,6.098099,6.148088,6.153199,6.080011
A:25--A:62,7.043748,7.043748,3.985165,3.995686,3.890873,4.036571,3.886869,3.850951,4.235772,4.012777,3.948446,4.046374
A:25--A:63,9.405622,9.405622,6.213710,6.146762,6.110460,6.124873,6.142169,6.080740,6.249455,6.113915,6.104553,6.184884
A:25--A:66,8.008999,8.008999,4.265050,4.188628,4.309587,4.163502,4.223125,4.195444,4.243954,4.170893,4.258115,4.148259
A:26--A:27,5.660000,5.660000,1.325329,1.325161,1.324872,1.322893,1.323860,1.326721,1.325811,1.324636,1.325719,1.326038
A:26--A:28,7.160000,7.160000,3.361449,3.356893,3.367986,3.361324,3.371327,3.358376,3.372836,3.371719,3.362402,3.373858
A:26--A:29,5.080000,5.080000,3.354570,3.363346,3.346877,3.397951,3.444748,3.313406,3.424467,3.381616,3.412744,3.402775
A:26--A:37,7.287874,7.287874,4.038573,4.035526,4.024286,3.864978,3.926931,4.339354,4.122842,4.502768,4.210047,3.731290
A:26--A:41,7.043748,7.043748,3.947707,3.938100,3.971024,4.132607,3.977613,4.066771,4.097674,3.936451,3.957314,3.897202
A:26--A:44,6.443280,6.443280,3.597594,3.616768,3.592019,3.649625,3.670318,3.594551,3.616879,3.681804,3.781048,3.886758
A:26--A:136,9.445622,9.445622,7.019206,6.958141,6.959836,6.997842,6.985101,6.996723,6.947313,6.986308,6.973946,6.967853
A:27--A:28,5.660000,5.660000,1.325813,1.328881,1.329184,1.327869,1.330464,1.329897,1.328657,1.330051,1.330038,1.327353
A:27--A:30,4.080000,4.080000,2.989817,2.965793,2.924136,2.904471,2.935399,2.972467,2.929842,3.039279,3.009344,2.941386
A:27--A:31,5.080000,5.080000,4.352404,4.490147,4.520049,4.436959,4.447841,4.533275,4.457424,4.506664,4.431834,4.332139
A:27--A:98,6.200000,7.239685,2.662424,2.758707,2.791703,2.651308,2.660218,2.820401,2.744558,2.904824,2.827478,2.811174
A:27--A:101,8.244685,8.244685,3.819077,3.955445,3.759258,3.821553,3.958272,3.803393,4.003700,3.832378,3.901346,3.802329
A:27--A:102,6.200000,6.200000,4.050379,4.165441,4.029083,4.170548,4.203327,4.042441,4.171291,3.994280,4.083800,4.010718
A:27--A:136,6.443280,6.443280,3.546204,3.628811,3.630543,3.564147,3.557046,3.565298,3.616350,3.579634,3.634603,3.573044
A:27--A:139,5.740000,5.740000,4.046805,3.914063,3.971333,3.946269,3.935723,3.951300,3.941241,3.933574,3.885096,3.946196
A:27--A:140,5.842811,5.842811,3.703480,3.930210,3.956476,3.789557,4.000004,3.957798,3.825126,3.991712,3.697512,3.781281
A:28--A:29,5.660000,5.660000,1.332724,1.331867,1.331251,1.331717,1.329497,1.331849,1.330902,1.331947,1.334131,1.332411
A:28--A:30,5.080000,5.080000,3.178559,3.180294,3.150240,3.144311,3.138962,3.183949,3.161522,3.207746,3.198873,3.185192
A:28--A:31,5.080000,5.080000,4.236592,4.377152,4.327456,4.234485,4.299052,4.403028,4.303749,4.403526,4.310638,2.817856
A:28--A:32,5.080000,5.080000,4.872126,5.013295,5.061455,4.963355,4.974626,5.058162,5.013594,5.055554,5.004030,4.775714
A:28--A:62,6.443280,6.443280,3.450313,3.460766,3.482589,3.456479,3.459181,3.469095,3.460105,3.464870,3.467064,3.458336
A:28--A:65,6.443280,6.443280,4.548316,4.375465,4.452267,4.627165,4.493302,4.426670,4.486317,4.569600,4.532887,4.332724
A:28--A:66,8.008999,8.008999,6.002922,5.856477,5.887593,5.786328,5.870551,5.891474,5.773642,5.738232,5.828048,6.033988
A:28--A:94,8.244685,8.244685,4.187888,3.658347,3.898383,4.213372,3.936975,4.087107,3.734041,4.093493,4.240665,3.937373
A:28--A:98,5.740000,5.740000,3.635901,3.864422,3.818630,3.691770,3.803209,3.810629,3.858541,3.747359,3.692211,3.718110
A:28--A:99,7.003748,7.003748,3.756440,3.649625,3.818364,3.832471,3.946596,3.750946,3.822853,3.823025,3.765077,3.772956
A:28--A:101,9.405622,9.405622,6.348122,6.455610,6.434650,6.385294,6.570645,6.455713,6.528779,6.571892,6.507413,6.412124
A:28--A:102,8.008999,8.008999,3.465752,3.517613,3.454942,3.518792,3.526902,3.472880,3.475167,3.516963,3.519464,3.415342
A:29--A:30,5.660000,5.660000,1.329175,1.328817,1.326881,1.327626,1.329320,1.329243,1.327814,1.328306,1.328041,1.327377
A:29--A:31,6.200000,6.200000,3.230513,3.266478,3.267776,3.220162,3.278509,3.266172,3.239154,3.230099,3.216683,3.222257
A:29--A:32,6.200000,6.200000,3.173634,3.207463,3.254897,3.149961,3.197607,3.215691,3.183647,3.156762,3.146171,3.268996
A:29--A:33,4.080000,4.080000,2.705397,2.723480,2.598965,2.717158,2.587796,2.661089,2.667648,2.722661,2.751153,2.677800
A:29--A:44,7.003748,7.003748,4.214322,4.264624,4.215405,4.213954,4.238840,4.224798,4.222042,4.202664,4.172106,4.158441
A:29--A:48,7.043748,7.043748,3.634813,3.663279,3.588064,3.630495,3.969923,3.700895,3.640196,3.636896,3.598005,3.563603
A:29--A:62,7.283748,7.283748,4.724434,4.780593,4.609519,4.771238,4.679993,4.667951,4.583856,4.644791,4.666076,4.802203
A:29--A:94,8.244685,8.244685,6.159143,5.407896,5.545087,6.163123,5.555775,6.098706,5.366346,6.118120,6.227929,5.735380
A:30--A:31,5.700000,5.700000,1.326994,1.326807,1.327857,1.326816,1.326777,1.327336,1.326879,1.327438,1.326176,1.324812
A:30--A:32,7.160000,7.160000,3.303735,3.311550,3.330649,3.298736,3.266193,3.312677,3.308546,3.303222,3.297906,3.393544
A:30--A:33,5.080000,5.080000,2.355745,2.352351,2.339044,2.343842,2.334162,2.344476,2.341764,2.349252,2.339787,2.342427
A:30--A:136,9.445622,9.445622,7.648612,7.754146,7.801104,7.672496,7.795806,7.695209,7.828571,7.777993,7.722627,5.501878
A:30--A:140,7.003748,7.003748,5.275355,5.356839,5.337837,5.235654,5.315672,5.274216,5.374437,5.318797,5.152028,4.623797
A:31--A:32,5.660000,5.660000,1.333242,1.332068,1.332941,1.332835,1.329542,1.330459,1.333697,1.332275,1.333207,1.325708
A:31--A:33,7.200000,7.200000,3.300315,3.302388,3.251612,3.319989,3.297462,3.243893,3.304505,3.299717,3.312516,3.317950
A:31--A:34,8.244685,8.244685,5.143255,5.021174,4.828916,4.323524,5.053612,4.896660,4.177548,4.085484,4.156222,4.454069
A:31--A:95,8.200000,8.200000,4.067305,3.643529,3.516828,3.870183,3.909734,4.538059,2.521184,3.893674,3.956894,3.620061
A:31--A:98,6.240000,6.240000,4.188102,4.907333,4.825014,4.327788,3.052279,4.867152,4.737185,4.747046,4.614047,3.628144
A:32--A:33,5.660000,5.660000,1.333860,1.335277,1.332799,1.335082,1.332491,1.332414,1.333816,1.336398,1.335301,1.334629
A:32--A:48,8.008999,8.008999,4.197241,4.220087,3.847153,3.889395,3.652314,3.910932,3.975412,3.951793,3.866881,4.268597
A:32--A:51,7.043748,7.043748,3.015332,4.659427,4.446274,4.859368,4.806090,4.508223,2.587877,4.847584,2.639616,3.552671
A:32--A:53,8.204685,8.244685,4.536162,5.534807,4.761744,4.487717,3.440747,4.506962,5.329862,4.519409,5.454035,4.773254
A:32--A:54,9.445622,9.445622,7.571161,7.642039,7.233671,7.539501,7.425808,7.518199,7.476444,7.529932,7.534868,7.451286
A:32--A:93,8.244685,8.244685,5.774019,5.212670,5.015788,5.938297,5.179188,5.824553,5.116001,6.006060,5.980610,5.431449
A:32--A:94,8.204685,8.204685,3.844044,3.738159,3.807793,3.903491,3.608758,3.946660,3.651923,3.933782,3.848227,3.452000
A:33--A:34,5.700000,5.700000,1.330040,1.330036,1.327160,1.329682,1.327848,1.330397,1.328226,1.329721,1.328825,1.328209
A:33--A:35,4.080000,4.080000,2.707429,2.787194,2.884118,2.848373,2.851896,2.997970,2.822886,2.904065,2.834487,2.764621
A:33--A:36,8.204685,8.204685,4.498909,4.485497,4.524341,4.307428,4.250166,4.369127,4.526107,4.548176,4.245801,4.665681
A:33--A:37,8.244685,8.244685,5.698418,5.518358,5.536881,5.514478,5.438325,5.556701,5.629225,5.545820,5.361829,5.600770
A:33--A:44,7.287874,7.287874,4.478892,4.357361,3.985041,4.454994,4.283233,4.140615,4.184144,4.011286,4.346752,4.482846
A:33--A:47,7.043748,7.043748,3.948630,4.188677,4.182407,3.999340,4.824610,3.970545,4.133416,4.156173,4.152395,4.341211
A:33--A:48,7.576324,7.576324,4.677159,4.822041,4.359441,4.726616,4.522658,4.598079,4.620846,4.577643,4.582750,4.645444
A:33--A:51,8.244685,8.244685,3.548923,6.771688,6.465710,6.782022,6.895956,5.564412,4.434493,6.715770,4.527731,3.537811
A:34--A:35,5.700000,5.700000,1.328486,1.328124,1.330103,1.328008,1.325615,1.325583,1.329738,1.329994,1.327570,1.328480
A:34--A:36,5.080000,5.080000,3.017035,3.058280,2.976237,3.062039,3.025271,3.037902,2.966989,2.994414,3.024678,2.945496
A:34--A:47,8.204685,8.204685,6.572554,6.683710,6.696750,6.617582,6.870182,6.621631,6.668055,6.631088,6.705201,6.627958
A:35--A:36,5.660000,5.660000,1.327899,1.327744,1.329206,1.327656,1.327646,1.327456,1.328355,1.328460,1.327154,1.325257
A:35--A:37,5.080000,5.080000,2.992008,3.057398,2.973023,3.065062,2.946377,2.945364,3.056020,3.048301,3.073686,3.109952
A:36--A:37,5.700000,5.700000,1.326546,1.325981,1.328220,1.326999,1.329183,1.327593,1.327443,1.326969,1.326290,1.325298
A:36--A:44,8.008999,8.008999,6.365233,6.499539,6.425190,6.495343,6.422902,6.476610,6.433604,6.480131,6.509302,6.472075
A:36--A:47,7.043748,7.632025,3.618918,3.562916,3.753564,3.504858,3.236125,3.696122,3.769761,3.681300,3.505168,3.680200
A:37--A:38,5.740000,5.740000,1.325221,1.322066,1.324825,1.322162,1.322771,1.324409,1.326208,1.323663,1.323206,1.326983
A:37--A:40,8.244685,8.244685,3.268946,3.426175,3.432446,3.219287,3.399560,3.391507,3.208751,3.390783,3.469460,3.157423
A:37--A:41,8.008999,8.008999,4.749050,4.878216,4.926335,4.683195,4.917916,4.935232,5.041805,4.955373,4.912547,4.556882
A:37--A:44,7.003748,7.003748,3.091466,3.215182,3.150505,3.128876,3.078389,3.120125,3.305505,3.119592,3.227262,3.769125
A:38--A:39,8.240000,8.240000,1.307996,1.312284,1.309718,1.313552,1.307653,1.310100,1.307851,1.309055,1.312912,1.309301
A:38--A:43,6.240000,6.240000,3.499209,3.230261,3.122154,2.995437,3.186746,3.368096,3.324672,3.379037,3.024307,3.192868
A:39--A:40,6.200000,6.200000,1.331923,1.329315,1.331085,1.328974,1.330412,1.330248,1.328913,1.330460,1.328394,1.332134
A:40--A:41,7.160000,7.160000,1.327955,1.329455,1.329123,1.328844,1.331353,1.331588,1.331230,1.330838,1.328872,1.329711
A:40--A:42,7.200000,7.200000,3.216101,3.215916,3.219534,3.057612,3.194450,3.188000,3.172959,3.194477,3.223084,3.261804
A:40--A:43,4.080000,4.080000,3.444058,3.587441,3.556217,3.078221,3.519194,3.553705,2.468564,3.592916,3.612202,2.333227
A:41--A:42,5.660000,5.660000,1.324867,1.324743,1.324220,1.323912,1.326038,1.323734,1.326358,1.322867,1.326708,1.324119
A:41--A:43,5.080000,5.080000,3.070806,3.148872,3.144142,3.108024,3.140242,3.105111,3.144248,3.111378,3.157808,3.215199
A:41--A:44,4.080000,4.080000,2.808592,2.931198,2.912673,2.896353,2.922516,2.885846,2.958574,2.910687,2.954170,2.983093
A:41--A:45,5.080000,5.080000,4.027527,4.144608,4.044090,4.085709,4.077105,4.054910,4.172269,4.010100,4.160674,4.097067
A:42--A:43,5.660000,5.660000,1.322327,1.323889,1.324734,1.325155,1.323223,1.324123,1.326652,1.324522,1.325505,1.326235
A:42--A:44,5.080000,5.080000,3.073924,3.061476,3.112958,3.062369,3.138122,3.117175,3.059799,3.116138,3.065933,3.144373
A:42--A:45,7.200000,7.200000,3.498563,3.492724,3.564130,3.448047,3.663864,3.590683,3.467360,3.575933,3.510087,3.767435
A:42--A:46,4.080000,4.080000,3.690823,3.709717,3.714547,3.605200,3.843923,3.746460,3.802769,3.741311,3.781781,3.973183
A:43--A:44,5.660000,5.660000,1.330870,1.332966,1.332588,1.331045,1.335039,1.331938,1.328415,1.331060,1.330962,1.330162
A:43--A:45,7.200000,7.200000,3.342079,3.311743,3.307543,3.311600,3.319723,3.299541,3.295784,3.324136,3.308439,3.243591
A:43--A:46,6.200000,6.200000,3.116069,3.093995,3.041171,3.076458,3.106562,3.045081,3.060879,3.131499,3.088312,2.950302
A:43--A:47,4.080000,4.080000,3.241414,3.150566,3.058018,3.117421,3.057056,3.058045,3.169167,3.005240,3.122715,2.904769
A:44--A:45,6.160000,6.160000,1.323348,1.321471,1.322779,1.323423,1.317917,1.321606,1.320876,1.322119,1.320552,1.318512
A:44--A:46,5.080000,5.080000,3.163249,3.206440,3.175981,3.190717,3.229290,3.184360,3.198687,3.209699,3.213169,3.202386
A:44--A:47,6.200000,6.200000,2.933538,2.911369,2.932342,2.943956,2.719527,2.886177,2.921606,2.874333,2.946644,2.885909
A:44--A:48,4.080000,4.080000,3.390276,3.384261,3.342136,3.388408,3.404328,3.354600,3.383984,3.335964,3.388610,3.372116
A:44--A:62,10.893498,10.893498,7.892807,7.827320,7.751982,7.725827,7.729564,7.734462,7.928668,7.898533,7.674111,7.653512
A:45--A:46,6.160000,6.160000,1.329787,1.328852,1.328271,1.329249,1.330168,1.328800,1.327842,1.329978,1.327806,1.329312
A:45--A:47,7.200000,7.200000,3.310186,3.285749,3.318908,3.314231,3.404992,3.301535,3.283364,3.316547,3.310134,3.324232
A:45--A:48,6.200000,6.200000,3.242652,3.249310,3.264717,3.265014,3.343121,3.212359,3.233683,3.177718,3.274675,3.197876
A:45--A:49,4.080000,4.080000,3.046536,3.086088,2.994649,3.030575,3.236616,2.991295,3.083725,3.005933,3.059823,3.013467
A:45--A:54,8.008999,8.008999,4.412550,4.348755,4.286388,4.305620,3.736095,4.347203,4.344241,4.254345,4.173303,4.253331
A:45--A:59,8.008999,8.008999,4.341911,4.310536,4.310296,4.325532,4.123796,4.317907,4.316795,4.296246,4.259832,4.146092
A:46--A:47,5.700000,6.128618,1.335009,1.334292,1.335403,1.333033,1.334761,1.331715,1.335713,1.333524,1.335012,1.334106
A:46--A:48,7.200000,7.200000,3.283002,3.310993,3.291397,3.297079,3.184179,3.272246,3.305754,3.236324,3.315238,3.232304
A:46--A:49,5.080000,5.080000,3.462942,3.485721,3.451899,3.478952,2.781738,3.445386,3.480729,3.312272,3.461552,3.282554
A:46--A:50,4.080000,4.080000,3.264601,3.288100,3.334681,3.362916,3.274361,3.273441,3.299485,3.266376,3.283674,3.232929
A:47--A:48,5.660000,5.660000,1.329984,1.329494,1.332217,1.330360,1.322410,1.330313,1.330686,1.331115,1.330228,1.329804
A:47--A:49,7.160000,7.160000,3.280637,3.254150,3.270867,3.280050,3.075762,3.285182,3.254443,3.262307,3.259008,3.261955
A:47--A:50,5.080000,5.080000,3.297740,3.262540,3.319782,3.327333,3.036412,3.307729,3.265519,3.303103,3.265493,3.345235
A:47--A:51,4.080000,4.080000,3.019186,3.162845,3.142076,3.233185,3.318777,3.032040,3.141842,3.223540,3.219618,3.065700
A:48--A:49,5.160000,5.160000,1.331313,1.333174,1.332194,1.330973,1.332226,1.332245,1.330820,1.332607,1.332006,1.332398
A:48--A:50,7.200000,7.200000,3.254756,3.238367,3.247006,3.237294,3.206838,3.245689,3.241790,3.230317,3.235163,3.255122
A:48--A:51,6.200000,6.200000,3.199740,3.170471,3.168766,3.183071,3.022026,3.158357,3.192514,3.150532,3.172389,3.138046
A:48--A:53,4.080000,4.080000,3.347910,3.426084,3.236683,3.354036,3.013141,3.326824,3.341790,3.380260,3.342508,3.117985
A:48--A:62,10.893498,10.893498,5.900880,5.936385,6.067625,6.021056,6.443339,5.914514,5.915368,6.009406,6.095623,5.919689
A:49--A:50,5.700000,5.700000,1.329450,1.329675,1.329356,1.328679,1.329153,1.330965,1.328822,1.329193,1.328775,1.328570
A:49--A:51,7.160000,7.160000,3.195023,3.166389,3.193901,3.184937,3.159160,3.185514,3.191328,3.179797,3.154775,3.190878
A:49--A:52,4.080000,4.080000,2.884096,2.822788,2.901551,2.863680,2.827344,2.874342,2.864001,2.870014,2.764084,2.905231
A:49--A:54,9.405622,9.405622,3.862911,3.810266,3.947970,3.897330,2.903331,3.888219,3.845156,3.905126,3.892855,3.946067
A:50--A:51,5.660000,5.660000,1.327315,1.326831,1.327904,1.326460,1.328271,1.327797,1.327033,1.329003,1.327965,1.328962
A:50--A:52,5.080000,5.080000,3.022433,3.029885,3.051691,3.048977,3.076368,3.019172,3.033700,3.048003,3.015839,3.037603
A:50--A:53,8.160000,8.160000,5.456487,5.433957,5.483716,5.469535,5.514151,5.468884,5.460610,5.476673,5.474373,5.474766
A:51--A:53,5.080000,5.080000,3.099696,3.023629,3.160627,2.810579,3.104180,3.119824,3.123697,2.838107,3.166022,3.166319
A:52--A:53,5.660000,5.660000,1.329011,1.326551,1.331416,1.327835,1.330214,1.328001,1.330784,1.328697,1.329182,1.329305
A:52--A:54,5.080000,5.080000,3.222782,3.196443,3.249874,3.189280,3.302621,3.262090,3.240365,3.197252,3.313452,3.273454
A:53--A:54,5.660000,5.660000,1.334161,1.332948,1.333650,1.332871,1.335911,1.332817,1.331845,1.332800,1.332820,1.334311
A:53--A:93,6.240000,7.043748,3.029413,3.447493,2.934298,3.009330,2.855168,3.032842,2.924190,3.046494,3.037510,2.929630
A:54--A:55,5.700000,5.700000,1.331103,1.332625,1.329527,1.332744,1.332659,1.332292,1.330971,1.331152,1.332815,1.332643
A:54--A:59,6.443280,6.443280,3.747122,3.786730,3.667213,3.749883,3.625419,3.763870,3.739594,3.696311,3.680727,3.608290
A:54--A:62,9.451248,9.451248,5.599458,5.569286,5.258595,5.437222,5.062921,5.557579,5.490598,5.320924,5.190926,5.286549
A:54--A:93,6.240000,7.043748,4.789918,4.841740,4.714746,4.715055,4.923545,4.931444,4.826461,4.951468,4.654354,4.609590
A:55--A:56,5.700000,5.700000,1.328696,1.327513,1.326655,1.327278,1.327189,1.327195,1.327822,1.327669,1.328212,1.327547
A:55--A:58,4.080000,4.080000,3.138046,3.154388,3.107683,3.144781,2.707963,3.127201,3.120892,3.110003,2.800994,3.098143
A:55--A:59,4.080000,4.080000,3.387417,3.374078,3.350120,3.353254,3.373590,3.377681,3.354986,3.349701,3.429674,3.366736
A:55--A:93,7.043748,7.043748,4.533177,4.553038,3.535622,4.392399,3.861166,4.618007,3.510130,4.609221,4.253437,3.460256
A:56--A:57,5.700000,5.700000,1.329246,1.330110,1.328761,1.330280,1.331234,1.329754,1.329088,1.328744,1.330919,1.328092
A:56--A:58,5.080000,5.080000,3.223558,3.218098,3.228485,3.218303,3.276774,3.216958,3.233520,3.224380,3.247350,3.217334
A:56--A:59,6.200000,6.200000,3.287691,3.244636,3.270953,3.228080,3.285091,3.233992,3.282009,3.264456,3.248641,3.290172
A:56--A:60,5.080000,5.080000,3.591939,3.596747,3.600992,3.576915,3.531295,3.585934,3.562269,3.561170,3.587000,3.601829
A:56--A:76,7.043748,7.043748,3.614993,4.222187,3.589646,3.918164,3.967847,4.024115,4.171625,4.264909,3.747689,3.745254
A:56--A:78,9.451248,9.451248,5.521224,6.208643,5.447195,5.981252,5.902746,5.854701,5.364281,5.444878,6.221649,6.535731
A:57--A:58,5.660000,5.660000,1.330264,1.330285,1.332118,1.329307,1.330739,1.329775,1.331644,1.331929,1.330730,1.331913
A:57--A:59,7.160000,7.160000,3.221297,3.205995,3.204377,3.192318,3.163510,3.190118,3.210945,3.206689,3.186470,3.236643
A:57--A:60,6.200000,6.200000,3.044576,2.992260,2.986030,2.998592,2.938982,2.992563,2.996898,2.982206,2.971582,3.062563
A:57--A:61,4.580000,4.580000,3.177878,3.180333,3.150780,3.214754,3.250607,3.201727,3.188239,3.201911,3.179459,3.157790
A:57--A:78,8.244685,8.244685,5.643944,5.855659,5.578976,5.843400,5.925938,5.877204,5.606896,5.645983,5.816257,5.960546
A:58--A:59,5.660000,5.660000,1.327452,1.327655,1.327064,1.325675,1.326112,1.327145,1.326201,1.327252,1.325909,1.329024
A:58--A:60,7.160000,7.160000,3.178667,3.142496,3.141649,3.159480,3.158440,3.169037,3.156039,3.148157,3.142046,3.174091
A:58--A:61,5.080000,5.080000,3.080368,3.021343,3.000254,3.039270,3.098134,3.063417,3.064427,3.050290,2.983026,3.047702
A:58--A:62,4.080000,4.080000,2.929496,2.865172,2.855609,2.875991,2.997504,2.934687,2.917154,2.925719,2.883645,2.859887
A:58--A:92,8.240000,8.240000,5.711552,5.571507,5.942875,5.733242,5.973816,5.912532,5.898409,5.926111,5.821959,5.920441
A:58--A:93,5.080000,5.080000,3.067016,2.984491,3.595289,3.134670,3.676103,3.169664,3.771636,3.202490,3.078013,3.826187
A:59--A:60,5.660000,5.660000,1.328445,1.329758,1.329273,1.328121,1.330291,1.331006,1.328610,1.329009,1.329873,1.326991
A:59--A:61,7.160000,7.160000,3.215964,3.215857,3.204402,3.208321,3.214303,3.210657,3.210487,3.207561,3.193277,3.209222
A:59--A:62,5.080000,5.080000,3.122337,3.135194,3.142128,3.129229,3.130887,3.119916,3.132612,3.140554,3.108958,3.113937
A:59--A:63,4.080000,4.080000,2.810457,2.816549,2.810451,2.741482,2.822708,2.801096,2.813995,2.838477,2.769680,2.753993
A:59--A:75,9.451248,9.451248,6.210858,6.353855,6.036698,6.081654,6.228302,5.986212,6.483334,6.272284,6.094958,6.196287
A:59--A:76,7.043748,7.043748,3.853053,3.633013,3.788177,3.862961,4.024012,3.899451,3.697900,3.706457,3.904038,3.666856
A:60--A:61,5.660000,5.660000,1.324383,1.324532,1.326937,1.324997,1.324475,1.327195,1.324852,1.324707,1.328019,1.324727
A:60--A:62,7.200000,7.200000,3.244421,3.273549,3.268373,3.260920,3.257309,3.245418,3.278851,3.286511,3.247383,3.258591
A:60--A:63,5.080000,5.080000,3.275467,3.389115,3.295131,3.300263,3.312134,3.269320,3.394176,3.428311,3.248288,3.298404
A:60--A:64,4.080000,4.080000,2.973600,2.996157,2.832306,2.794298,2.967732,2.896796,2.939416,2.945358,2.793883,2.897439
A:60--A:72,5.842811,5.842811,3.367110,3.728458,3.387359,3.841941,3.522143,3.833762,3.720073,3.894474,3.696421,3.392128
A:60--A:76,5.842811,5.842811,3.204695,3.246833,3.146669,3.182340,3.270013,3.265240,3.300142,3.311172,3.207449,3.241088
A:60--A:78,8.008999,8.008999,3.336043,3.962741,3.201181,3.383464,3.419033,3.401275,3.347795,3.179549,3.409275,3.958564
A:60--A:83,8.008999,8.008999,5.165031,5.020343,5.042580,5.321477,4.790168,4.810550,5.087592,5.332764,5.091794,5.255143
A:60--A:87,10.893498,10.893498,7.475794,7.304339,6.554065,6.969033,7.158714,7.019867,7.148023,6.265837,6.775604,7.250856
A:61--A:62,5.660000,5.660000,1.332266,1.332283,1.331022,1.332941,1.330357,1.330253,1.333147,1.332334,1.331298,1.333080
A:61--A:63,7.200000,7.200000,3.285844,3.325615,3.265247,3.277891,3.281485,3.278178,3.310905,3.321065,3.282689,3.277054
A:61--A:64,5.080000,5.080000,3.260471,3.268354,3.203705,3.245358,3.240109,3.240598,3.244134,3.304654,3.254919,3.184695
A:61--A:65,4.080000,4.080000,3.260669,3.130340,3.158931,3.098319,3.229728,3.227581,3.220109,3.201560,3.204353,3.234132
A:61--A:78,8.204685,8.204685,6.261956,6.581396,6.262681,6.422093,6.443321,6.466428,6.265830,6.209192,6.379405,6.481088
A:61--A:83,8.244685,8.244685,6.363585,6.072471,5.895501,6.110516,5.757382,5.815487,6.048428,6.151717,5.960492,6.073542
A:61--A:87,6.443280,6.443280,4.510564,4.511190,4.083362,4.559753,4.607579,4.699461,4.623455,4.385026,4.560646,4.538053
A:61--A:92,7.240000,7.240000,2.965996,3.049717,3.142638,3.032172,3.006720,3.110570,2.934063,3.167690,3.174324,2.879603
A:61--A:93,5.080000,5.080000,4.374747,4.329304,4.434261,4.400980,4.708011,4.284903,4.687090,4.265060,4.142735,4.730475
A:61--A:99,8.244685,8.244685,3.517755,3.698001,4.443899,3.390571,3.549426,3.582713,3.428358,3.667956,3.567139,3.452102
A:62--A:63,5.700000,5.700000,1.331396,1.331481,1.329518,1.330362,1.330542,1.332123,1.329928,1.331986,1.332499,1.330857
A:62--A:64,5.080000,5.080000,3.257252,3.229243,3.253027,3.270592,3.256640,3.253102,3.243040,3.280107,3.255613,3.218963
A:62--A:65,6.200000,6.200000,3.490312,3.409201,3.577703,3.569805,3.553861,3.554623,3.537974,3.602569,3.570745,3.468334
A:62--A:66,5.080000,5.080000,3.662669,3.604767,3.553872,3.509464,3.664857,3.593101,3.598396,3.526944,3.682834,3.664519
A:62--A:94,9.445622,9.445622,6.676852,6.337914,6.392600,6.706318,6.182823,6.844894,5.988279,6.877460,6.818099,5.944514
A:62--A:99,9.445622,9.445622,5.992571,6.039631,6.336062,6.041722,6.226368,6.250933,5.977808,6.175231,6.011747,6.023294
A:62--A:102,10.893498,10.893498,7.662055,7.746251,7.870338,7.741767,7.853348,7.819921,7.783514,7.928053,7.879471,7.725578
A:63--A:64,5.660000,5.660000,1.328761,1.327359,1.329216,1.331776,1.330997,1.329262,1.329296,1.329427,1.328377,1.329779
A:63--A:65,7.200000,7.200000,3.380898,3.362703,3.400439,3.393642,3.408015,3.407494,3.379652,3.395096,3.401453,3.381546
A:63--A:66,6.200000,6.200000,2.765024,2.770158,2.773597,2.786468,2.774529,2.775772,2.778360,2.779579,2.781202,2.758821
A:63--A:68,4.080000,4.080000,3.230522,3.149414,3.139346,3.058886,3.233881,3.136593,3.165422,3.082977,3.302147,3.327194
A:63--A:71,7.043748,7.043748,3.936869,4.392022,4.088487,4.591743,3.989213,4.072338,4.319581,4.639632,4.006307,4.546491
A:63--A:72,6.443280,6.443280,3.607538,3.594916,3.589313,3.535716,3.589299,3.696701,3.586232,3.562141,3.570233,3.534352
A:63--A:75,9.451248,9.451248,4.722395,4.893708,4.711385,4.671006,4.625595,4.595107,5.047090,4.872585,4.435679,4.678192
A:63--A:76,8.008999,8.008999,4.398489,3.787206,4.465953,4.260365,4.149451,4.136199,3.770971,3.912626,4.305416,4.145688
A:64--A:65,5.660000,5.660000,1.336261,1.336432,1.335583,1.335522,1.336381,1.336031,1.336843,1.337533,1.335716,1.338359
A:64--A:66,7.200000,7.200000,3.183328,3.094264,3.225158,3.207820,3.204745,3.195290,3.234811,3.220135,3.236358,3.239243
A:64--A:67,4.080000,4.080000,2.719527,2.827171,2.839588,2.816442,2.805622,2.781827,2.848413,2.794993,2.897299,2.751952
A:64--A:72,7.003748,7.003748,4.366575,4.773251,4.247924,4.559956,4.480235,4.983413,4.527162,4.619460,4.585263,4.183516
A:64--A:83,7.043748,7.043748,3.603342,3.936997,3.425320,3.579211,3.575078,3.565429,3.697437,3.374756,3.558181,3.613330
A:64--A:87,7.043748,7.043748,4.319501,4.356253,3.382212,3.894499,3.985771,3.884143,4.127400,3.384002,3.561187,4.080257
A:65--A:66,5.660000,5.660000,1.330363,1.328529,1.328440,1.329823,1.329251,1.328513,1.328326,1.327323,1.328513,1.326307
A:65--A:67,5.080000,5.080000,2.946167,3.172259,2.931643,2.980519,2.942144,2.973674,2.954445,2.925691,2.943558,2.853161
A:65--A:68,8.160000,8.160000,5.449864,5.538329,5.411247,5.438865,5.419598,5.476368,5.447130,5.398559,5.403844,5.378867
A:65--A:87,7.003748,7.592025,3.642787,3.599914,3.487125,3.518607,3.476022,3.716756,3.604884,3.272341,3.484560,3.644362
A:65--A:92,4.080000,4.080000,3.895467,3.806156,3.786130,3.881461,3.863816,3.783765,3.863417,3.787576,3.812007,3.867463
A:65--A:99,5.080000,5.080000,2.968740,3.298519,3.206079,3.030658,3.076031,2.997224,3.326535,3.280661,3.204145,3.198327
A:65--A:102,6.443280,6.443280,4.378908,4.374935,4.387818,4.386583,4.348333,4.319391,4.428522,4.621307,4.476743,4.123534
A:65--A:103,5.740000,5.740000,3.842674,3.612665,3.790128,3.590211,3.640808,3.905281,3.334301,3.443445,3.652206,3.768173
A:65--A:106,6.240000,6.240000,3.424249,2.598557,3.426520,3.467696,3.425315,3.421620,3.382084,3.432914,3.467311,2.655951
A:66--A:67,5.660000,5.660000,1.332211,1.331893,1.332646,1.331230,1.334064,1.331950,1.331505,1.330701,1.332158,1.332809
A:66--A:68,6.403280,6.403280,3.345778,3.271027,3.324803,3.300223,3.321567,3.314102,3.322608,3.315448,3.261007,3.293011
A:66--A:102,9.405622,9.405622,7.121667,6.969587,7.200946,7.122887,7.145518,7.143381,7.119996,7.124477,7.212792,7.193927
A:66--A:106,7.240000,7.240000,5.570757,3.674175,5.634188,5.649879,5.625827,5.608341,5.589008,5.645723,5.676037,4.683004
A:67--A:68,5.660000,5.660000,1.331818,1.332248,1.332700,1.333114,1.330746,1.332729,1.332454,1.334703,1.331488,1.333003
A:67--A:106,5.240000,5.240000,3.433894,3.037064,3.079859,3.114970,3.025070,3.106946,3.074050,3.116711,3.058180,3.461292
A:68--A:69,5.700000,5.700000,1.328682,1.327803,1.329822,1.327045,1.330848,1.327652,1.331830,1.327219,1.327248,1.329162
A:68--A:70,7.200000,7.200000,3.320591,3.205689,3.219472,3.110328,3.254811,3.261770,3.241380,3.072078,3.248497,3.397097
A:68--A:71,5.740000,5.740000,3.526550,3.456784,3.531117,3.242537,3.471927,3.483585,3.469831,3.269522,3.428724,3.498089
A:68--A:72,4.080000,4.080000,3.531567,3.632345,3.331490,3.356512,3.515444,3.532579,3.453769,3.374221,3.534607,3.414064
A:69--A:70,5.660000,5.660000,1.332407,1.330248,1.328125,1.331439,1.330268,1.328437,1.328836,1.330335,1.329803,1.328309
A:69--A:71,7.200000,7.200000,3.310322,3.264820,3.316492,3.267800,3.310304,3.302414,3.216010,3.318498,3.367166,3.312027
A:69--A:72,6.200000,6.200000,3.383318,3.189497,3.331509,3.193021,3.330262,3.269692,3.211055,3.229061,3.462360,3.364022
A:69--A:73,4.080000,4.080000,3.327030,3.707284,2.984796,3.525578,3.285342,3.548172,3.428098,3.521947,3.489416,3.474692
A:69--A:80,5.740000,5.740000,2.666159,3.571752,3.499962,2.822287,3.426799,3.416543,3.500885,3.498337,3.623328,3.686153
A:70--A:71,5.660000,5.660000,1.329098,1.328678,1.329020,1.330823,1.327709,1.327217,1.326293,1.328955,1.328802,1.328648
A:70--A:72,7.160000,7.160000,3.279509,3.200632,3.243596,3.232191,3.262521,3.193775,3.312652,3.192495,3.254613,3.254773
A:70--A:73,6.200000,6.200000,3.310111,3.469341,3.374864,3.490191,3.287582,3.277534,3.022453,3.393605,3.281669,3.419142
A:70--A:74,4.080000,4.080000,2.892458,3.495935,3.186682,3.355532,2.884691,3.206858,3.334044,3.573524,3.243144,3.178582
A:71--A:72,5.660000,5.660000,1.326037,1.327764,1.328082,1.327408,1.330220,1.330588,1.330614,1.328224,1.327062,1.327857
A:71--A:73,7.200000,7.200000,3.217215,3.239370,3.223346,3.189319,3.232122,3.236119,3.296843,3.200048,3.216043,3.266456
A:71--A:74,5.080000,5.080000,3.053331,3.215457,3.005447,3.014448,3.292038,3.200977,3.084261,3.202104,3.250447,3.249961
A:71--A:75,4.080000,4.080000,2.666919,2.732638,2.704839,2.649758,2.624217,2.632572,2.652472,2.712881,2.639970,2.821606
A:71--A:76,5.080000,5.080000,3.905475,3.934933,4.024105,4.035551,3.797626,3.892321,3.784093,4.000710,4.038011,4.254526
A:72--A:73,5.660000,5.660000,1.325469,1.324084,1.327562,1.326471,1.329144,1.330439,1.325926,1.324535,1.325758,1.325734
A:72--A:74,7.160000,7.160000,3.201437,3.310557,3.208498,3.179705,3.379331,3.301355,3.154929,3.307617,3.327313,3.339429
A:72--A:75,5.080000,5.080000,3.984326,3.858473,4.024383,3.829131,3.804147,3.684965,3.965214,3.699359,3.647696,3.650472
A:72--A:76,6.200000,6.200000,3.199991,3.034622,3.224648,3.055648,2.833513,2.825605,3.107403,2.890747,2.897391,2.900775
A:72--A:78,4.080000,4.080000,2.655266,2.791175,2.781523,2.926699,3.216124,3.177930,2.722265,3.139645,3.194070,3.090343
A:72--A:80,9.405622,9.405622,5.662141,5.085314,5.397500,5.756673,5.483283,5.187987,5.341934,5.354288,5.486977,5.905313
A:72--A:83,8.008999,8.008999,3.692850,3.936580,3.818427,3.643185,3.582266,3.584897,3.908344,3.924976,3.810529,4.077629
A:73--A:74,5.660000,5.660000,1.328974,1.327820,1.331308,1.332429,1.322904,1.324200,1.332268,1.328449,1.325610,1.324822
A:73--A:75,7.160000,7.160000,3.799542,3.624085,3.791578,3.763900,3.490739,3.547599,3.847653,3.570868,3.524988,3.444159
A:73--A:76,7.200000,7.200000,4.964427,4.743350,4.929482,4.941286,4.540863,4.649362,4.970841,4.672402,4.675349,4.373831
A:73--A:77,6.240000,6.240000,3.351057,3.254908,3.321883,3.319242,3.142185,3.202905,3.383592,3.205512,3.194944,3.087680
A:73--A:78,5.080000,5.080000,3.299901,3.151945,3.106589,3.452411,3.653274,3.654184,3.335340,3.968643,3.659146,3.591712
A:74--A:75,5.660000,5.660000,1.331847,1.335527,1.333744,1.334306,1.332654,1.335998,1.332016,1.335468,1.335726,1.335699
A:74--A:76,7.160000,7.160000,3.850210,3.896870,3.838178,3.872000,3.910818,3.927121,3.821822,3.916675,3.932881,3.907216
A:74--A:77,5.080000,5.080000,4.301803,3.638276,4.235862,3.940961,4.506317,4.534163,3.992892,3.955423,4.546969,4.554425
A:75--A:76,5.660000,5.660000,1.336020,1.334285,1.336180,1.339541,1.340441,1.340431,1.333161,1.336147,1.341454,1.336617
A:75--A:77,5.080000,5.080000,3.329545,3.355734,3.326110,3.355018,3.392856,3.408509,3.294388,3.411265,3.452299,3.452238
A:75--A:78,8.160000,8.160000,5.801424,5.542306,5.831117,5.971074,6.017426,6.030481,5.846958,5.956331,6.112729,5.775979
A:76--A:77,5.660000,5.660000,1.325945,1.323768,1.325132,1.323960,1.326070,1.324005,1.327199,1.324185,1.324322,1.325716
A:76--A:78,6.200000,6.200000,3.119977,2.649810,3.125260,3.261294,3.280367,3.268088,3.168275,3.154026,3.296970,3.018159
A:77--A:78,5.660000,5.660000,1.333786,1.330634,1.332494,1.338445,1.337238,1.340302,1.336973,1.336557,1.332851,1.332398
A:78--A:79,5.700000,5.700000,1.329084,1.333651,1.329709,1.330602,1.328519,1.332604,1.330749,1.328591,1.330184,1.328135
A:78--A:82,8.244685,8.244685,4.019726,4.082800,4.909477,4.115066,4.024214,4.094988,4.765430,5.144043,4.448670,4.543584
A:78--A:83,8.008999,8.008999,5.087390,4.553986,4.078202,4.888908,5.142973,5.202948,4.722654,4.420677,4.345684,4.156557
A:79--A:80,6.200000,6.200000,1.331289,1.328055,1.326502,1.331053,1.328868,1.330459,1.329984,1.326015,1.328182,1.328397
A:79--A:81,5.080000,5.080000,3.298742,3.184314,3.052717,3.153909,2.710485,3.283912,3.237167,2.819129,3.132597,3.176323
A:79--A:82,6.443280,6.443280,2.978587,3.212508,3.102872,3.165285,3.024384,3.078228,2.988710,3.118042,3.131657,3.208270
A:79--A:83,4.080000,4.080000,3.599266,2.981298,3.246170,3.085029,3.656541,3.550582,3.274682,3.295896,3.108485,2.966886
A:80--A:81,5.660000,5.660000,1.332694,1.326020,1.332087,1.326376,1.328949,1.330410,1.329007,1.331226,1.325109,1.326669
A:80--A:82,5.080000,5.080000,3.002796,3.298559,3.218046,3.263319,3.072470,3.066799,3.064619,3.182398,3.262494,3.316069
A:80--A:83,6.200000,6.200000,2.935680,3.167282,3.316736,3.108545,3.101575,3.087757,2.984437,3.169405,3.135474,3.245598
A:80--A:84,4.080000,4.080000,2.296201,3.054310,3.562351,2.945970,3.413202,3.335459,3.245740,3.460323,2.814682,3.057750
A:81--A:82,4.860000,4.860000,1.326613,1.318785,1.330404,1.317243,1.330982,1.330510,1.331520,1.329682,1.320356,1.318645
A:81--A:83,7.160000,7.160000,3.169973,3.192832,3.160820,3.176748,3.217137,3.188951,3.223833,3.163162,3.216739,3.211897
A:81--A:84,5.080000,5.080000,3.078359,3.163338,3.085851,3.159580,3.166417,3.103104,3.245049,3.114666,3.190229,3.169486
A:81--A:85,4.080000,4.080000,3.155976,3.289387,3.051136,3.125370,3.009303,2.887970,3.158231,3.312717,3.087044,3.123063
A:82--A:83,5.660000,5.660000,1.328562,1.328800,1.325764,1.328381,1.327389,1.327012,1.329925,1.328056,1.327803,1.328099
A:82--A:84,7.160000,7.160000,3.315337,3.227829,3.234970,3.281401,3.272010,3.259125,3.255627,3.242347,3.292735,3.241490
A:82--A:85,5.080000,5.080000,2.452257,2.512129,2.501845,2.483052,2.548572,2.457766,2.407992,2.955905,2.603297,2.423438
A:82--A:86,4.080000,4.080000,2.788981,2.731337,2.690244,3.011853,2.853913,2.814387,2.806486,2.703210,2.918570,2.801698
A:83--A:84,5.660000,5.660000,1.334650,1.327974,1.330059,1.330879,1.329137,1.329953,1.329729,1.331009,1.329700,1.327838
A:83--A:85,7.200000,7.200000,3.235986,3.224433,3.228066,3.239052,3.234905,3.233701,3.201371,3.285407,3.240088,3.209098
A:83--A:86,5.080000,5.080000,3.163366,3.094560,3.153382,3.096751,3.107133,3.142689,3.128574,3.330646,3.079888,3.082765
A:83--A:87,4.080000,4.080000,2.731220,2.797844,2.743420,2.949024,2.752317,2.708284,2.747042,2.842205,2.804355,3.018974
A:84--A:85,5.660000,5.660000,1.329059,1.329994,1.329368,1.330820,1.328799,1.329648,1.329157,1.330384,1.328895,1.329939
A:84--A:86,7.160000,7.160000,3.256929,3.276974,3.301665,3.221540,3.263064,3.270246,3.300826,3.423916,3.240145,3.241583
A:84--A:87,5.080000,5.080000,3.354548,3.487459,3.497147,3.312512,3.422487,3.382725,3.502533,3.851195,3.390646,3.435606
A:85--A:86,5.660000,5.660000,1.329532,1.328723,1.329413,1.328210,1.329877,1.328941,1.329390,1.328286,1.330286,1.327837
A:85--A:87,7.200000,7.200000,3.302485,3.297379,3.278586,3.282357,3.296111,3.293196,3.309725,3.266996,3.286602,3.279646
A:85--A:88,4.080000,4.080000,3.125880,3.016516,2.824976,3.029375,2.991921,2.948002,3.026411,2.863903,2.920004,3.011344
A:85--A:89,5.080000,5.080000,4.008159,4.073338,4.277895,4.073977,4.157665,4.135571,4.134992,4.161834,4.080368,4.052269
A:86--A:87,5.660000,5.660000,1.331385,1.329122,1.329429,1.328696,1.330403,1.329726,1.330631,1.329507,1.329169,1.328822
A:86--A:88,5.080000,5.080000,3.164978,3.086223,2.983987,3.105618,3.072580,3.053212,3.083547,3.027639,3.060720,3.090450
A:86--A:89,4.080000,4.080000,3.811953,3.606571,2.794087,3.642937,3.572099,3.535603,3.608732,3.456851,2.781614,3.599456
A:86--A:90,5.080000,5.080000,4.030538,3.980674,4.200619,4.019384,4.016878,3.951667,3.949113,4.407961,4.239080,3.913842
A:87--A:88,7.160000,7.160000,1.329263,1.328791,1.327707,1.329739,1.329991,1.328558,1.329698,1.327748,1.326452,1.331532
A:87--A:89,7.200000,7.200000,3.221281,3.184339,3.081334,3.186001,3.159966,3.149232,3.181945,3.059815,3.111916,3.198231
A:87--A:90,6.200000,6.200000,2.367336,2.679488,2.358411,2.364511,2.379218,2.362632,2.370512,2.535831,2.460599,2.371269
A:87--A:91,7.240000,7.240000,4.123016,4.182542,4.109888,4.167740,4.163739,4.173805,4.171085,3.981825,4.064993,4.170542
A:87--A:92,8.244685,8.980031,4.587353,4.950275,5.597699,5.100344,4.795263,5.156946,4.873455,6.066727,5.460159,4.579282
A:87--A:99,10.893498,10.893498,6.539388,6.940179,7.210576,6.788769,6.626488,6.990245,6.926842,7.409072,7.074031,6.776584
A:88--A:89,5.660000,5.660000,1.331389,1.330406,1.329155,1.330261,1.328806,1.328843,1.331652,1.329812,1.328627,1.330444
A:88--A:90,5.080000,5.080000,3.066378,2.689889,2.380273,2.389316,2.524476,2.428352,3.019046,2.926005,3.016215,2.427080
A:88--A:91,8.200000,8.200000,5.015376,5.142767,5.228978,5.130034,5.143421,5.164549,5.138208,5.184921,5.134535,5.122147
A:89--A:90,4.860000,4.860000,1.328889,1.329554,1.329822,1.330660,1.331943,1.330711,1.329239,1.329959,1.329374,1.329590
A:89--A:91,8.200000,8.200000,3.353582,3.352411,3.377661,3.350014,3.338810,3.347274,3.345053,3.418779,3.372703,3.349153
A:90--A:91,7.200000,7.200000,1.318600,1.313640,1.310040,1.316385,1.316396,1.312383,1.313183,1.315227,1.316302,1.314066
A:90--A:92,8.200000,9.759527,3.014863,2.909815,3.111115,2.926341,2.900678,2.925786,2.903780,3.021978,3.055124,2.860057
A:90--A:174,5.120000,5.120000,3.243376,3.255799,3.430147,3.379949,2.556272,3.326415,3.442494,3.430797,3.347765,3.191100
A:90--A:178,9.445622,9.445622,5.835242,5.784958,5.659575,6.257382,5.981891,5.398848,6.717736,6.208730,6.299234,6.118159
A:91--A:92,5.700000,5.700000,1.329551,1.330591,1.329925,1.332330,1.329775,1.331411,1.329909,1.331649,1.330218,1.328807
A:92--A:93,5.700000,5.700000,1.329598,1.328857,1.329451,1.330419,1.329385,1.330740,1.327907,1.330706,1.330187,1.328037
A:92--A:94,6.200000,6.200000,3.223616,3.150277,3.187716,3.232506,3.242591,3.214814,3.197340,3.184078,3.189426,3.206217
A:92--A:96,7.240000,7.240000,3.932817,2.617381,3.700371,3.318234,2.601036,2.792729,4.063763,3.356498,3.804309,2.615908
A:92--A:99,9.445622,9.445622,3.933208,3.905293,3.847526,3.877872,3.803643,3.891421,3.861610,3.780853,3.855989,3.931811
A:93--A:94,5.660000,5.660000,1.329767,1.332002,1.331492,1.329832,1.332413,1.331382,1.331878,1.333044,1.331344,1.330767
A:94--A:95,6.200000,6.200000,1.328413,1.327976,1.328677,1.328002,1.329810,1.327628,1.326056,1.327746,1.328957,1.329962
A:94--A:99,9.405622,9.405622,4.218525,3.443263,3.465895,4.331552,3.994801,4.012836,3.462082,4.113339,3.988236,3.547119
A:95--A:96,5.700000,5.700000,1.326356,1.331060,1.329092,1.326171,1.326047,1.326382,1.328202,1.325942,1.325192,1.327708
A:95--A:97,6.200000,6.200000,2.898829,3.137873,3.111399,2.920680,3.067172,2.959421,3.096559,2.998612,2.977795,3.141404
A:95--A:98,7.200000,7.200000,3.416061,3.414941,3.452236,3.476937,3.681982,3.407255,3.445727,3.434060,3.480842,3.596941
A:95--A:99,4.080000,4.080000,3.961691,3.549029,3.591099,4.004602,3.937746,3.838704,3.564499,3.913898,3.977903,3.667129
A:96--A:97,7.160000,7.160000,1.329615,1.326659,1.329903,1.329260,1.327734,1.329999,1.329871,1.328463,1.326513,1.327563
A:96--A:98,7.200000,7.200000,3.307561,3.346214,3.343390,3.318507,3.367879,3.340753,3.341086,3.342546,3.309142,3.339627
A:96--A:99,7.200000,7.200000,3.398775,3.377954,3.375752,3.400450,3.406151,3.360507,3.340618,3.363746,3.403973,3.416414
A:96--A:100,4.080000,4.080000,2.642576,2.649711,2.646520,2.615840,2.675967,2.599344,2.624766,2.636307,2.712559,2.655352
A:96--A:175,5.740000,5.740000,4.212343,3.758569,3.771849,3.394951,3.628986,3.700681,4.121372,4.262550,4.282290,3.678253
A:96--A:178,8.244685,8.244685,6.120660,3.766048,5.093471,3.945746,4.331475,4.386588,5.315328,4.184540,6.010214,2.766422
A:97--A:98,5.020000,5.020000,1.331131,1.327763,1.327156,1.331408,1.332031,1.329406,1.325861,1.326363,1.325587,1.327890
A:97--A:99,7.160000,7.160000,3.445325,3.343300,3.361830,3.430948,3.363971,3.345138,3.350974,3.356323,3.456769,3.385509
A:97--A:100,5.080000,5.080000,3.680935,3.365530,3.416699,3.597674,3.508051,3.423637,3.421946,3.440133,3.783208,3.544512
A:97--A:101,4.080000,4.080000,3.209629,3.187924,3.222189,3.187168,3.286579,3.303125,3.352902,3.332610,3.316992,3.362227
A:97--A:139,7.043748,7.043748,5.132034,4.613629,4.701163,5.085355,4.560187,5.161493,5.067809,4.839124,5.054180,5.002308
A:97--A:149,7.240000,7.240000,4.350221,4.280219,4.254512,4.168034,4.530821,4.082579,4.214458,4.373655,4.401404,4.169802
A:97--A:150,6.240000,6.240000,3.672983,3.586206,3.581497,3.768839,3.524101,3.665462,3.667841,3.645224,3.678829,3.642020
A:97--A:175,5.700000,5.700000,3.238495,3.600428,3.249330,3.190325,3.505565,3.252084,3.278708,3.428657,3.251378,3.366705
A:98--A:99,6.200000,6.200000,1.328629,1.330962,1.329948,1.329031,1.327598,1.329544,1.330026,1.328740,1.330531,1.330862
A:98--A:100,7.200000,7.200000,3.267133,3.289767,3.257174,3.241630,3.282088,3.256613,3.264375,3.284648,3.352270,3.304128
A:98--A:101,6.200000,6.200000,3.306001,3.385697,3.333102,3.271064,3.377109,3.355916,3.388264,3.441628,3.451411,3.402502
A:98--A:102,4.080000,4.080000,3.087748,3.320150,3.278146,3.076203,3.006630,3.286783,3.332494,3.328799,3.373956,3.316976
A:98--A:139,5.923748,5.923748,3.801546,3.461530,3.293327,3.697839,3.293417,3.361810,3.427446,3.484295,3.203747,3.175627
A:98--A:140,5.923748,5.923748,5.023109,5.036741,5.025305,5.159166,4.379810,5.131275,4.902029,4.982189,4.914076,4.949395
A:98--A:143,7.120000,7.120000,5.571448,6.279134,5.126790,6.565871,6.178583,6.256554,4.825488,5.284724,4.695682,6.303337
A:99--A:100,6.160000,6.160000,1.325915,1.327499,1.326609,1.324418,1.324975,1.326931,1.327259,1.328134,1.325682,1.325331
A:99--A:101,7.160000,7.160000,3.246646,3.171671,3.200316,3.230691,3.241649,3.212470,3.196121,3.213079,3.177217,3.174502
A:99--A:102,5.080000,5.080000,3.237873,3.053537,3.127489,3.215944,3.242882,3.128298,3.107349,3.130119,3.102975,3.054725
A:99--A:103,4.080000,4.080000,2.805558,2.789947,2.816752,2.738496,2.713031,2.776534,2.763180,2.783888,2.826982,2.895770
A:99--A:104,5.080000,5.080000,4.771425,4.834171,4.832571,4.729115,4.605457,4.782536,4.766178,4.748937,4.859331,4.945233
A:100--A:101,5.700000,5.700000,1.327072,1.324159,1.322977,1.322037,1.325337,1.322205,1.322444,1.324875,1.328237,1.321197
A:100--A:102,7.160000,7.160000,3.299061,3.286969,3.287435,3.297755,3.341897,3.282116,3.312687,3.317672,3.301423,3.274878
A:100--A:103,5.080000,5.080000,3.298687,3.320699,3.340246,3.323813,3.503480,3.277390,3.406879,3.447234,3.330907,3.324632
A:100--A:104,4.080000,4.080000,2.837089,2.953551,2.943668,2.904117,2.994221,2.840578,3.005869,2.999608,2.919241,3.079507
A:100--A:153,9.451248,9.451248,4.614676,4.093888,4.123914,4.146569,4.039917,4.131469,4.315394,4.584740,5.301457,4.118895
A:100--A:156,8.008999,8.008999,5.573426,5.497757,5.260110,5.160431,5.304486,5.367932,5.394550,5.392292,5.358970,5.312054
A:100--A:160,10.893498,10.893498,7.979591,8.009988,8.030018,7.871380,7.777816,7.911418,7.941920,7.948268,7.603538,8.063138
A:100--A:171,7.200000,8.204685,3.971844,4.244397,4.186259,4.071935,4.044062,4.144576,3.972394,3.999195,3.486002,4.219646
A:100--A:172,5.842811,5.842811,4.235247,4.366851,4.291841,4.242764,4.265626,4.251307,4.137704,4.254986,3.858389,4.298134
A:100--A:175,5.842811,5.842811,3.735028,3.604395,3.577464,3.587627,3.555289,3.655786,3.671985,3.707587,4.180495,3.574788
A:100--A:176,8.204685,8.204685,6.274009,6.192208,6.172852,6.178481,6.098461,6.279509,6.196719,6.342184,6.831547,6.070743
A:101--A:102,4.860000,4.860000,1.329911,1.331480,1.329322,1.328069,1.331332,1.329021,1.331607,1.330367,1.331206,1.328040
A:101--A:103,7.160000,7.160000,3.293455,3.320098,3.344874,3.327673,3.363929,3.303952,3.350243,3.362266,3.306194,3.323703
A:101--A:104,5.080000,5.080000,3.354224,3.433009,3.516064,3.490914,3.545347,3.381627,3.533304,3.538927,3.421924,3.349963
A:101--A:105,4.080000,4.080000,3.068240,3.048640,3.113348,3.184185,2.932188,3.070073,3.083820,3.154315,3.070594,3.254845
A:101--A:139,7.043748,7.043748,3.607295,3.745264,3.639297,3.549430,3.759709,3.640304,3.712401,3.758077,3.837898,3.649670
A:101--A:142,10.893498,10.893498,7.247467,6.835829,6.978217,6.548335,6.712769,6.651076,6.688445,6.822983,7.510938,6.529267
A:101--A:148,9.451248,9.451248,5.827906,4.352755,4.226090,4.333844,4.392423,4.253316,5.613203,4.354152,6.179645,5.602493
A:101--A:149,9.405622,9.405622,6.571406,6.095106,6.207301,6.329794,6.365276,6.338523,6.672103,6.530789,6.797988,6.392709
A:101--A:156,8.008999,8.008999,3.985060,4.005822,4.114081,4.187443,3.643855,3.986515,3.678336,3.676407,3.680608,3.991752
A:101--A:172,10.893498,10.893498,7.042446,7.226747,7.405096,7.368704,6.992453,7.279494,6.893156,6.816139,6.360626,7.184251
A:102--A:103,6.160000,6.160000,1.330767,1.330150,1.330913,1.331294,1.329506,1.331137,1.329658,1.328357,1.329584,1.330764
A:102--A:104,7.200000,7.200000,3.282925,3.298983,3.326516,3.310599,3.338423,3.283892,3.317986,3.334696,3.302498,3.233510
A:102--A:105,5.080000,5.080000,3.340706,3.315580,3.318241,3.336908,3.355531,3.299293,3.334422,3.365020,3.305142,3.147582
A:102--A:106,4.080000,4.080000,3.008794,2.804914,2.977351,3.031773,2.922877,2.996439,3.056286,3.102759,2.981504,2.343910
A:102--A:136,8.200000,8.200000,5.207370,5.364259,5.501194,5.435872,5.462787,5.280745,5.363999,5.147618,5.380517,5.416263
A:102--A:139,9.405622,9.405622,6.016843,5.917429,5.871363,5.922660,6.028789,5.917246,5.842121,5.868162,5.979863,5.973412
A:103--A:104,5.660000,5.660000,1.329894,1.331717,1.329274,1.328854,1.330023,1.329428,1.328469,1.330026,1.330760,1.326277
A:103--A:105,7.160000,7.160000,3.284554,3.298162,3.270862,3.277253,3.295934,3.272910,3.288450,3.274473,3.279221,3.209348
A:103--A:106,5.080000,5.080000,3.182157,3.172008,3.163292,3.217872,3.231409,3.174642,3.247516,3.164284,3.168715,3.073735
A:103--A:107,4.080000,4.080000,2.489899,3.103957,3.017402,3.105699,3.125161,2.374246,3.237067,3.149680,2.428482,3.179610
A:104--A:105,5.660000,5.660000,1.328246,1.324206,1.328678,1.327065,1.328582,1.327960,1.327272,1.327231,1.328016,1.328305
A:104--A:106,7.160000,7.160000,3.197845,3.184447,3.180645,3.222659,3.159680,3.203844,3.181167,3.157404,3.167767,3.183293
A:104--A:107,5.080000,5.080000,3.220542,3.251139,3.098446,3.226683,3.045097,3.176875,3.098705,3.069155,3.090347,3.196819
A:104--A:108,4.080000,4.080000,3.142866,3.161232,3.089261,3.084107,3.050313,3.111087,3.093294,3.102903,2.940482,3.005852
A:104--A:116,10.893498,10.893498,6.589459,6.582941,6.414832,6.444074,7.066936,6.394382,6.855999,6.928491,6.836543,6.248127
A:104--A:135,9.445622,9.445622,3.438036,3.555066,3.620816,3.465448,4.354559,3.472287,4.036855,3.977179,3.953203,3.243234
A:104--A:156,8.244685,8.244685,5.141091,4.994349,5.035749,5.090816,4.411520,4.805182,4.342460,4.438332,4.374047,4.746178
A:104--A:160,8.008999,8.008999,4.365685,4.184263,4.375092,4.390371,4.175010,4.182078,4.209686,4.268410,4.701491,4.438539
A:104--A:168,7.043748,7.043748,3.757888,3.795588,3.784628,3.685487,3.692808,3.811346,3.588609,3.590141,3.843217,3.824619
A:104--A:169,8.244685,8.244685,5.535488,5.495930,5.531229,5.456763,6.272984,5.436529,6.367509,6.393857,6.289300,5.595933
A:104--A:172,6.443280,6.443280,4.343941,4.174443,4.166501,4.158216,3.412916,3.787114,3.467725,3.739518,3.962643,4.068425
A:105--A:106,5.660000,5.660000,1.325746,1.328854,1.327921,1.327583,1.327507,1.327617,1.327233,1.326943,1.327504,1.329229
A:105--A:107,7.200000,7.200000,3.264794,3.254408,3.238998,3.272544,3.220921,3.252607,3.230536,3.231955,3.232776,3.303206
A:105--A:108,5.080000,5.080000,3.019625,3.056297,2.920019,3.011541,3.112865,3.032255,3.093400,2.959867,3.031619,2.968689
A:105--A:135,6.240000,6.240000,3.153383,3.125352,3.068814,3.100530,3.213457,3.111640,3.135854,3.125363,3.159503,3.312341
A:106--A:107,5.660000,5.660000,1.329239,1.330282,1.329038,1.328780,1.326803,1.327696,1.328379,1.328664,1.328136,1.326706
A:106--A:108,7.160000,7.160000,3.305902,3.320689,3.276275,3.293269,3.276997,3.269406,3.277131,3.284342,3.259223,3.313205
A:107--A:108,5.660000,5.660000,1.328469,1.328016,1.329930,1.328938,1.329190,1.328448,1.327240,1.328604,1.328633,1.328338
A:107--A:165,6.120000,6.120000,3.873482,4.141604,2.824846,3.752158,3.052356,3.467033,3.942385,3.745180,3.154327,4.564218
A:107--A:168,6.443280,6.443280,4.315740,4.360178,4.006999,4.271578,4.324627,3.748711,4.398679,4.218397,4.428562,3.861097
A:108--A:109,5.200000,5.200000,1.332095,1.331517,1.333500,1.328994,1.332752,1.330729,1.329077,1.331899,1.334230,1.331379
A:108--A:112,7.043748,7.043748,3.907041,4.114872,3.890697,4.207065,4.147035,4.098604,4.247259,3.858850,2.910233,4.203493
A:108--A:113,8.204685,8.204685,4.902057,4.799509,4.697746,4.639382,4.649940,4.837638,4.613917,4.690729,4.989159,4.630711
A:108--A:116,8.008999,8.008999,4.313670,4.351866,4.030664,4.374527,4.338889,3.927081,4.345159,4.434694,4.235922,4.084002
A:108--A:135,6.443280,6.443280,3.340046,3.231131,3.372507,3.353857,3.376682,3.227638,3.234261,3.325016,3.192076,3.313881
A:108--A:138,9.451248,9.451248,7.717032,7.836588,7.520837,7.854790,7.565874,7.627839,7.575614,7.856267,7.503488,7.294169
A:108--A:160,9.451248,9.451248,3.995616,4.015959,3.928483,3.969051,3.976980,3.953583,3.966965,3.865812,4.704932,4.007812
A:108--A:163,8.008999,8.008999,5.175061,5.153569,4.717088,4.765971,4.787315,4.923851,5.218204,5.083761,4.496929,5.086100
A:108--A:165,8.244685,8.244685,4.239315,4.427473,3.381907,4.212804,3.400388,4.136486,4.316149,4.072283,3.416075,4.426475
A:108--A:168,6.443280,6.443280,3.320081,3.317838,3.140272,3.235053,3.236073,3.393891,3.266944,3.190680,3.304359,3.381451
A:109--A:110,6.200000,6.200000,1.328310,1.329256,1.328872,1.327519,1.328549,1.329484,1.327317,1.327950,1.325043,1.327966
A:109--A:112,4.080000,4.080000,3.149641,3.063504,2.491494,3.055868,3.127858,2.845579,3.059088,2.485365,2.191249,3.073205
A:109--A:113,4.080000,4.080000,3.029994,3.042786,3.146647,3.096213,2.989117,3.019090,3.066695,3.170829,3.398290,2.976229
A:109--A:163,9.405622,9.405622,7.773648,7.851957,7.039117,7.558907,7.837726,7.076042,7.761107,6.783380,7.765909,7.690670
A:110--A:111,6.200000,6.200000,1.329128,1.328276,1.327809,1.329785,1.330264,1.330352,1.327963,1.328855,1.328415,1.329525
A:110--A:112,5.080000,5.080000,3.247855,3.226407,3.256442,3.221013,3.251065,3.220813,3.225453,3.255365,3.268576,3.241370
A:110--A:113,5.080000,5.080000,3.169503,3.156978,3.298654,3.249337,3.190240,3.176668,3.252295,3.287326,3.199897,3.196878
A:110--A:114,7.200000,7.200000,3.271068,3.345684,3.397605,3.471772,3.258747,3.376576,3.470115,3.316922,3.686819,3.352051
A:111--A:112,5.660000,5.660000,1.327872,1.329142,1.326060,1.329663,1.329399,1.330239,1.330717,1.326322,1.329678,1.329973
A:111--A:113,5.080000,5.080000,3.191050,3.188183,3.238978,3.201791,3.193598,3.194986,3.203690,3.237947,3.200240,3.194413
A:111--A:114,4.080000,4.080000,3.161724,3.148862,3.256625,3.190060,2.472904,3.194779,2.498570,3.255254,3.473958,3.221363
A:111--A:115,4.080000,4.080000,3.066176,3.288659,3.170374,3.253843,3.145819,3.137415,3.199116,3.147701,3.455200,3.215870
A:112--A:113,5.660000,5.660000,1.328251,1.327942,1.326486,1.329100,1.327468,1.329466,1.328486,1.327837,1.329479,1.329181
A:112--A:114,7.200000,7.200000,3.228006,3.220907,3.253002,3.228696,3.265637,3.238466,3.270564,3.276764,3.246980,3.269347
A:112--A:115,5.080000,5.080000,3.115229,3.182018,2.496392,2.460811,2.445147,3.099116,3.169790,2.556672,3.143353,3.250564
A:112--A:116,4.080000,4.080000,2.733653,2.924464,2.847530,2.969210,2.890905,2.734171,2.912814,2.938585,2.652972,2.810246
A:112--A:163,7.043748,7.043748,4.152745,4.190779,4.220400,4.039321,4.205819,3.960099,4.240825,3.936724,4.577788,4.158712
A:113--A:114,6.160000,6.160000,1.328823,1.326938,1.327465,1.327447,1.327318,1.326642,1.327771,1.328231,1.326625,1.328591
A:113--A:115,7.200000,7.200000,3.260790,3.270789,3.276768,3.282162,3.251653,3.227434,3.227824,3.285250,3.275664,3.300576
A:113--A:116,5.080000,5.080000,3.319655,3.253543,3.259983,3.154069,3.255020,3.233309,3.243486,3.233627,3.316788,3.308884
A:113--A:117,5.080000,5.080000,3.180784,3.199202,3.209819,3.218564,3.219109,3.191365,3.234746,3.220103,3.247638,3.218847
A:113--A:134,9.445622,9.445622,4.786200,4.453218,4.472693,4.465526,4.566657,4.682084,4.402690,4.639538,4.298704,4.410395
A:113--A:135,6.443280,6.443280,4.233239,3.947888,3.998077,3.833647,4.215895,4.126737,3.913299,3.937950,4.137930,4.183869
A:113--A:138,8.008999,8.008999,4.723153,4.577742,4.460431,4.405039,4.650854,4.824488,4.297888,4.595254,4.401050,4.573020
A:114--A:115,5.660000,5.660000,1.330142,1.328223,1.328395,1.330230,1.329718,1.327364,1.328109,1.329193,1.330360,1.329407
A:114--A:116,5.080000,5.080000,3.293716,3.282317,3.253448,3.176676,3.257894,3.282836,3.276084,3.230384,3.281397,3.280522
A:114--A:117,5.080000,5.080000,3.294523,3.216458,3.288173,3.134638,3.317711,3.251312,3.226486,3.256337,3.220052,3.204819
A:114--A:118,4.080000,4.080000,3.488477,3.659086,3.625419,3.651804,3.621253,3.684932,3.629559,3.616721,3.513496,3.627285
A:115--A:116,5.660000,5.660000,1.328321,1.328012,1.327214,1.328296,1.326500,1.328029,1.327553,1.328025,1.329468,1.327674
A:115--A:117,5.080000,5.080000,3.179007,3.110182,3.179705,3.172655,3.195455,3.140819,3.122102,3.186919,3.115189,3.100343
A:115--A:118,7.200000,7.200000,3.244954,3.106445,3.277510,3.247135,3.302303,3.224382,3.112043,3.288943,3.077046,3.024095
A:115--A:119,4.080000,4.080000,3.660098,3.619012,3.632350,3.683743,3.733369,3.729621,3.661682,3.565342,3.912234,3.558030
A:115--A:163,7.240000,7.240000,4.807857,4.325340,4.073392,3.962601,4.093877,4.653024,4.583583,3.908782,5.645191,4.553997
A:116--A:117,6.160000,6.160000,1.327369,1.329870,1.330013,1.330779,1.327284,1.332450,1.328525,1.326942,1.329518,1.330157
A:116--A:118,7.160000,7.160000,3.285555,3.274056,3.281197,3.241203,3.259710,3.275629,3.249841,3.279907,3.280027,3.241545
A:116--A:119,7.200000,7.200000,3.228123,3.209767,3.199706,3.141064,3.230910,3.202084,3.168808,3.217463,3.294845,3.159950
A:116--A:120,4.080000,4.080000,3.132026,3.174389,3.134109,3.206859,3.160419,3.036802,3.099258,3.108170,3.493728,3.105581
A:116--A:121,9.405622,9.405622,5.400967,5.445301,5.414788,5.460603,5.422775,5.337007,5.392793,5.338520,5.767674,5.390058
A:116--A:135,7.043748,7.632025,3.543689,3.615293,3.582950,3.735799,3.707354,3.553419,3.800841,3.632071,4.037515,3.855198
A:116--A:138,6.443280,6.443280,4.818754,4.912810,4.855405,4.891008,4.891686,4.970183,4.930768,4.875273,4.885906,4.920694
A:116--A:156,10.893498,10.893498,5.367182,5.508912,5.394757,5.501381,5.581257,5.526167,5.427540,5.554448,5.561439,5.558531
A:116--A:159,7.043748,7.043748,3.866637,3.855029,3.845059,3.844116,3.817631,3.924077,3.823801,3.900456,3.647812,3.766046
A:116--A:160,8.008999,8.008999,4.656284,4.586457,4.666870,4.555661,4.304035,4.678536,3.947664,4.179459,4.913033,4.447902
A:116--A:163,7.043748,7.043748,3.801306,3.765726,4.006284,3.994669,3.987737,3.705835,3.720123,3.780830,4.029022,3.696424
A:117--A:118,7.160000,7.160000,1.325515,1.327913,1.326489,1.327958,1.326743,1.325311,1.327266,1.329940,1.324494,1.326976
A:117--A:119,5.080000,5.080000,3.156776,3.180431,3.155046,3.143610,3.192931,3.160222,3.173905,3.193390,2.934241,3.175268
A:117--A:120,5.080000,5.080000,2.988348,3.006205,2.965911,2.916860,2.994116,2.989054,2.988013,2.991858,2.604130,2.990721
A:117--A:121,4.080000,4.080000,2.975858,3.089733,3.015586,3.013479,3.015059,3.016599,3.045545,3.021879,2.886539,3.037564
A:117--A:129,7.043748,7.043748,3.789633,3.941731,4.101733,3.659126,4.026889,4.085968,4.003113,3.682248,3.145746,3.943260
A:117--A:130,8.204685,8.204685,3.573529,3.481622,3.398307,3.390591,3.450293,3.645093,3.564057,3.531350,3.664861,3.461853
A:117--A:131,7.043748,7.043748,3.565101,3.607312,3.627991,3.611050,3.634346,3.601872,3.628329,3.580423,5.015523,3.667429
A:117--A:138,7.043748,7.043748,3.932156,4.010505,3.849825,3.932480,3.963130,4.245039,3.851071,3.971318,3.792235,3.958943
A:118--A:119,5.660000,5.660000,1.327199,1.325262,1.325625,1.326087,1.326876,1.326812,1.327746,1.327584,1.324091,1.329080
A:118--A:120,5.080000,5.080000,3.262480,3.212665,3.213031,3.189763,3.213864,3.253650,3.224489,3.193125,3.252877,3.217118
A:118--A:121,4.080000,4.080000,3.419685,3.278352,3.277028,3.107067,3.301349,3.379275,3.323894,3.139394,3.388436,3.316028
A:118--A:122,4.080000,4.080000,2.591555,3.804446,3.704681,3.860061,3.728753,3.614484,3.847085,3.421758,3.756930,3.816976
A:119--A:120,5.660000,5.660000,1.331635,1.328865,1.328466,1.330028,1.328041,1.331429,1.328857,1.327052,1.330525,1.326988
A:119--A:121,5.080000,5.080000,3.273624,3.240682,3.242938,3.162266,3.240344,3.229687,3.234168,3.165938,3.260536,3.247812
A:119--A:122,6.200000,6.200000,3.247433,3.336303,3.279267,3.347363,3.237708,3.200012,3.250371,3.373248,3.321852,3.291302
A:119--A:123,4.080000,4.080000,3.228637,3.458725,3.312893,3.590650,3.352108,3.292781,3.639604,3.440611,3.295703,3.466913
A:119--A:159,6.240000,6.240000,3.525715,3.387363,3.366250,3.273880,3.606108,3.514152,3.405489,3.390361,3.856735,3.420886
A:119--A:162,7.043748,7.043748,3.643354,3.415246,3.477640,3.387943,3.468276,3.482663,3.406025,3.558114,3.395371,3.391022
A:119--A:163,8.244685,8.244685,4.389651,4.228556,4.339613,4.599850,4.661132,4.388619,4.257523,4.349624,5.532772,4.090035
A:120--A:121,5.660000,5.660000,1.325981,1.328109,1.329747,1.324719,1.330068,1.328014,1.325249,1.330910,1.327336,1.326294
A:120--A:122,7.160000,7.160000,3.199780,3.192127,3.174534,3.178582,3.170778,3.212942,3.141461,3.224986,3.184573,3.156090
A:120--A:123,6.200000,6.200000,3.232100,3.272659,3.164541,3.175571,3.192289,3.328665,3.152901,3.268305,3.168518,3.079378
A:120--A:124,4.080000,4.080000,2.528209,2.532435,2.573947,2.417724,2.572495,2.569741,2.515578,2.541563,2.550699,2.518266
A:120--A:129,8.008999,8.008999,3.479644,3.797733,3.489312,3.534213,3.552030,3.982440,3.324125,3.910027,4.235083,3.487100
A:120--A:138,7.043748,7.632025,3.478465,3.424598,3.487407,3.646918,3.421818,4.233594,3.486764,3.633155,3.485420,3.315986
A:120--A:141,9.445622,10.328037,5.876343,4.412235,5.525784,5.356154,4.952318,4.813860,5.686495,4.896383,5.493032,5.987931
A:120--A:142,7.287874,7.287874,3.649362,3.510716,3.838504,3.890307,4.002368,3.513335,3.794797,3.548877,3.765347,3.913356
A:120--A:145,10.893498,10.893498,6.596703,6.131686,7.092315,7.188655,6.695775,6.292924,7.205792,6.587698,6.631493,7.183822
A:120--A:155,8.244685,8.244685,6.021425,6.292892,6.265360,6.182161,6.576766,5.311764,6.270828,6.154696,5.477118,5.984870
A:121--A:122,5.660000,5.660000,1.327142,1.326675,1.329115,1.326562,1.328234,1.326386,1.324697,1.327752,1.326519,1.324459
A:121--A:123,7.160000,7.160000,3.235421,3.339525,3.251383,3.276722,3.258619,3.323867,3.307547,3.281822,3.223257,3.225834
A:121--A:124,5.080000,5.080000,3.550130,3.590723,3.609982,3.713150,3.664714,3.565394,3.616000,3.603489,3.655285,3.560971
A:121--A:125,4.080000,4.080000,2.581077,2.489490,2.421395,2.728111,2.489251,2.468338,2.638893,2.528996,2.590121,2.785796
A:121--A:126,5.080000,5.080000,2.969819,3.387513,3.215411,3.506567,3.284990,3.395705,3.443270,3.430023,3.532769,2.845918
A:121--A:129,8.244685,8.244685,4.031159,4.972126,5.013471,5.209706,5.187049,4.745765,5.092877,5.109357,3.744219,5.062656
A:122--A:123,5.660000,5.660000,1.332805,1.331483,1.332416,1.333972,1.332229,1.330900,1.332904,1.330976,1.332475,1.333779
A:122--A:124,7.200000,7.200000,3.629915,3.534300,3.645076,3.669559,3.681117,3.540295,3.590051,3.595768,3.708370,3.640187
A:122--A:125,5.080000,5.080000,4.194834,3.921226,4.080326,4.211551,4.157816,3.972559,4.073613,4.111784,4.291697,4.285313
A:123--A:124,5.160000,5.160000,1.328302,1.327959,1.327150,1.326178,1.325648,1.327385,1.328845,1.326944,1.328796,1.328857
A:123--A:125,5.080000,5.080000,3.208763,3.235338,3.203336,3.163807,3.201116,3.237509,3.205327,3.250738,3.265374,3.230661
A:123--A:147,8.244685,8.244685,5.458874,5.117390,5.104671,4.673795,5.406115,5.100546,4.945415,4.918639,5.348039,4.826401
A:123--A:155,8.244685,8.244685,4.166057,4.054083,3.958282,4.051053,4.402730,3.652925,3.762445,3.901391,4.430368,3.853941
A:123--A:158,7.240000,7.240000,2.421278,3.115229,2.422988,3.440401,2.427049,2.706145,3.057689,2.419879,3.522766,3.049487
A:124--A:125,5.660000,5.660000,1.331549,1.329841,1.328646,1.332133,1.329825,1.330015,1.330298,1.330094,1.327916,1.329765
A:124--A:126,6.200000,6.200000,3.331287,3.269510,3.227555,3.240633,3.255584,3.248674,3.243498,3.266904,3.231564,3.216442
A:124--A:127,6.240000,6.240000,3.326152,3.310080,3.366266,3.521267,3.526963,3.261563,3.694089,3.398111,3.550360,3.575207
A:124--A:129,8.244685,8.244685,3.910075,4.150498,4.053507,4.340841,4.438505,4.191472,4.070975,3.833835,3.077958,4.073552
A:124--A:142,8.008999,8.008999,3.883686,3.991689,3.871790,3.746117,3.870829,4.232022,3.607306,3.977359,3.878627,3.734598
A:124--A:144,9.445622,9.445622,8.069869,8.330598,6.484566,7.179081,8.263450,8.018615,7.814992,7.891521,7.887594,7.889297
A:124--A:145,6.443280,6.443280,3.101259,3.101457,3.272779,3.065964,3.150007,3.129220,3.084530,3.400577,3.258573,3.063301
A:124--A:147,7.043748,7.043748,4.964599,4.663466,4.633533,4.404359,4.644778,4.813497,2.992451,4.749663,4.968651,3.014386
A:125--A:126,5.660000,5.660000,1.332852,1.331760,1.331110,1.329934,1.333510,1.332517,1.332633,1.330684,1.331385,1.335231
A:125--A:127,7.160000,7.160000,3.741107,3.806377,3.769572,3.509085,3.811775,3.860087,3.709777,3.705980,3.222092,3.747392
A:126--A:127,6.160000,6.160000,1.330026,1.329387,1.329987,1.329136,1.330375,1.329765,1.327761,1.330565,1.328727,1.327479
A:126--A:129,8.204685,8.204685,5.140163,4.058314,5.069387,4.889649,5.083937,5.262821,3.986470,3.802329,3.962271,5.260159
A:127--A:128,5.700000,5.700000,1.327648,1.326305,1.327556,1.326521,1.327638,1.327336,1.325909,1.329108,1.328837,1.327010
A:127--A:129,7.160000,7.160000,2.727112,2.737187,2.947341,2.572437,2.844037,2.785234,2.749189,2.482744,4.051592,2.711192
A:127--A:145,7.043748,7.043748,5.689689,5.579497,5.770232,5.847006,5.971378,5.655916,4.845537,5.803563,6.083600,4.663379
A:128--A:129,6.160000,6.160000,1.331035,1.332979,1.332393,1.335894,1.333792,1.334137,1.331965,1.333449,1.333554,1.331162
A:128--A:141,6.240000,6.240000,3.191093,2.627920,2.364479,2.345906,2.361365,2.357028,2.369894,2.351192,2.747321,2.654076
A:128--A:144,7.240000,7.240000,3.059981,6.469053,4.285846,3.679100,6.546797,4.432600,5.009832,4.567527,3.252380,4.575062
A:128--A:145,8.204685,8.204685,5.009432,5.812963,5.750753,5.665653,6.164168,6.024507,4.960698,4.347946,5.408003,4.955751
A:129--A:130,5.700000,5.700000,1.335565,1.332889,1.335194,1.335460,1.335252,1.332226,1.334798,1.333216,1.333395,1.336078
A:129--A:131,9.445622,9.445622,4.598218,4.752614,4.631516,4.637484,4.633513,4.746380,4.614782,4.713434,4.579557,4.582162
A:129--A:133,8.244685,8.980031,3.341911,4.149843,3.358632,3.968964,4.102773,4.190248,4.013964,3.105912,3.749149,4.917367
A:129--A:138,9.451248,9.451248,4.829356,4.366442,4.158931,4.817382,4.084581,4.159136,4.288116,4.840089,6.322647,4.393700
A:130--A:131,5.700000,5.700000,1.331414,1.331488,1.326562,1.329381,1.325806,1.330262,1.330805,1.329255,1.322672,1.328446
A:130--A:133,4.080000,4.080000,3.169331,3.193654,3.265386,3.249137,3.254503,3.138406,3.076682,2.584148,3.425841,2.761370
A:131--A:132,5.700000,5.700000,1.328279,1.328144,1.327065,1.326026,1.326725,1.326737,1.327455,1.326896,1.326570,1.327744
A:131--A:133,5.080000,5.080000,3.230037,3.227526,3.220859,3.189122,3.200752,3.225545,3.093532,3.228254,3.065278,2.716342
A:132--A:133,5.700000,5.700000,1.327142,1.327407,1.327178,1.326012,1.325767,1.326653,1.329926,1.327023,1.327953,1.334068
A:133--A:134,5.700000,5.700000,1.332331,1.330234,1.330970,1.331806,1.331171,1.332327,1.331211,1.333678,1.332517,1.332059
A:133--A:138,7.043748,7.043748,3.607788,3.545104,3.565085,3.719332,3.720294,3.738607,3.567709,3.630441,3.807353,3.705718
A:134--A:135,6.200000,6.200000,1.327386,1.326284,1.328081,1.326732,1.329092,1.326106,1.327429,1.328558,1.326815,1.325771
A:134--A:136,5.700000,5.700000,3.180586,3.147514,3.159616,3.161509,3.156187,3.173837,3.151176,3.177387,3.225902,3.167014
A:134--A:137,4.580000,4.580000,3.015670,2.944016,2.994137,2.972933,3.011547,2.983271,2.979739,3.005669,3.059626,3.033679
A:134--A:138,4.000000,4.000000,2.793927,2.790312,2.792012,2.764348,2.820053,2.764748,2.789676,2.785763,2.815797,2.859679
A:135--A:136,5.700000,5.700000,1.324563,1.325129,1.325176,1.325538,1.326474,1.325203,1.324637,1.325359,1.327291,1.324807
A:135--A:137,7.200000,7.200000,3.162650,3.181379,3.178229,3.156451,3.175288,3.148299,3.178567,3.174187,3.143449,3.162083
A:135--A:138,5.080000,5.080000,2.962955,3.013106,3.024097,3.010493,3.010337,2.973568,3.032766,3.019304,2.980141,3.010459
A:135--A:139,4.080000,4.080000,3.074363,3.101551,3.135474,3.243780,3.097504,3.201389,3.125732,3.180994,3.224933,3.128002
A:135--A:156,8.244685,8.244685,4.611736,4.578062,4.662453,4.928861,4.516052,4.587754,4.730901,4.922016,4.814861,4.379637
A:136--A:137,5.660000,5.660000,1.328100,1.329175,1.329551,1.329742,1.329423,1.326744,1.328311,1.327121,1.328364,1.328957
A:136--A:138,7.200000,7.200000,3.209221,3.206212,3.216055,3.226577,3.215140,3.220971,3.222795,3.215291,3.224925,3.209704
A:136--A:139,6.240000,6.240000,3.203562,3.154198,3.232919,3.218019,3.219530,3.178226,3.219512,3.169155,3.263522,3.235488
A:136--A:140,4.080000,4.080000,3.531937,3.516292,3.536084,3.532919,3.516104,3.549390,3.517861,3.566811,3.522668,3.436189
A:137--A:138,6.160000,6.160000,1.332506,1.331998,1.332716,1.331994,1.330186,1.333828,1.333014,1.332373,1.331033,1.331976
A:137--A:139,5.080000,5.080000,3.213106,3.185653,3.219053,3.217379,3.219656,3.196512,3.207450,3.181275,3.246241,3.249042
A:137--A:140,6.200000,6.200000,2.870360,2.803375,2.842032,2.859650,2.798137,2.800194,2.846936,2.806441,2.907641,2.855379
A:138--A:139,6.160000,6.160000,1.331358,1.330662,1.329078,1.328258,1.326515,1.329933,1.328812,1.329626,1.329780,1.328213
A:138--A:140,7.160000,7.160000,3.351485,3.359143,3.351079,3.350271,3.353366,3.355409,3.354235,3.334471,3.339283,3.365876
A:138--A:141,6.200000,6.200000,3.192731,3.179488,3.144693,3.145890,3.233211,3.145355,3.191137,3.138400,3.226467,3.228864
A:138--A:156,10.893498,10.893498,8.195834,8.261845,8.230262,8.234954,8.264155,8.154137,8.075374,8.222193,8.019535,8.129565
A:139--A:140,6.200000,6.200000,1.328646,1.329296,1.327264,1.327202,1.327913,1.327398,1.328091,1.329373,1.328221,1.327618
A:139--A:141,7.160000,7.160000,3.204091,3.181553,3.158177,3.163859,3.215473,3.155439,3.195947,3.185387,3.249469,3.193703
A:139--A:142,6.200000,6.200000,3.472736,3.411660,3.403251,3.424067,3.399174,3.328523,3.392215,3.446285,3.571746,3.337877
A:139--A:143,8.244685,8.244685,3.612330,3.463884,3.634758,3.722927,3.419358,3.417452,3.351621,3.620470,3.548976,3.471928
A:139--A:148,9.445622,9.445622,5.078204,6.070796,5.957099,4.526177,5.991705,5.997726,5.019356,5.969148,4.936413,5.211139
A:139--A:156,9.451248,9.451248,6.488780,6.653997,6.631143,6.608174,6.585465,6.554799,6.485934,6.626146,6.466169,6.441730
A:140--A:141,6.160000,6.160000,1.329336,1.329065,1.328149,1.326422,1.329326,1.329958,1.328745,1.331221,1.329531,1.328588
A:140--A:142,7.160000,7.160000,3.262588,3.277497,3.237145,3.262370,3.266156,3.274860,3.221961,3.246672,3.270081,3.228391
A:140--A:143,6.200000,6.200000,3.144708,3.240337,3.164985,3.155982,3.232267,3.252643,3.155398,3.119252,3.157496,3.231498
A:140--A:144,8.204685,9.411248,3.625161,2.992130,3.825123,3.716598,3.038339,3.404672,3.229081,3.624940,3.580362,3.579371
A:141--A:142,6.160000,6.160000,1.329633,1.326675,1.326941,1.326769,1.325048,1.327530,1.328824,1.328419,1.327172,1.328552
A:141--A:143,7.160000,7.160000,3.142943,3.233839,3.212882,3.108187,3.219718,3.224212,3.234145,3.154412,3.167754,3.221369
A:141--A:144,6.200000,6.200000,3.077001,3.258461,2.677581,3.171412,3.232656,3.197509,3.343602,3.294068,3.262642,3.162611
A:141--A:145,7.043748,7.632025,3.710202,3.358811,4.110107,3.503658,3.320695,3.440533,3.529861,3.769857,3.790583,3.631680
A:142--A:143,6.160000,6.160000,1.328192,1.329017,1.328380,1.327440,1.327592,1.327941,1.329027,1.325402,1.326467,1.326098
A:142--A:144,7.200000,7.200000,3.129160,3.178620,3.304625,3.188866,3.202892,3.154872,3.239001,3.182981,3.185756,3.200563
A:142--A:145,6.200000,6.200000,2.976295,2.982168,3.209331,3.144246,3.049724,3.004329,3.126015,3.068810,3.070766,3.055648
A:142--A:147,8.008999,8.008999,3.516002,3.312943,3.442323,3.245878,3.216357,3.344811,3.250633,3.387754,3.440643,3.411392
A:142--A:148,7.043748,7.043748,4.053331,3.923628,3.714469,3.477520,3.936058,3.919527,3.939629,3.862658,3.918122,3.998474
A:142--A:156,8.008999,8.008999,6.069668,6.102929,6.297357,5.948003,6.052274,5.949699,5.761363,5.861229,6.294994,6.185274
A:143--A:144,6.160000,6.160000,1.326250,1.327332,1.328365,1.330889,1.329322,1.327997,1.329416,1.327261,1.328881,1.329102
A:143--A:145,7.200000,7.200000,3.184362,3.186410,3.199632,3.222655,3.197816,3.198361,3.203930,3.203613,3.198605,3.190082
A:143--A:146,6.200000,6.200000,2.618663,2.956455,3.052407,2.961869,2.958205,2.857936,2.884364,2.650806,2.965676,2.694455
A:143--A:148,9.405622,9.405622,4.577596,3.249590,5.146303,3.814800,4.578324,3.459271,3.269431,4.854896,4.400989,4.336495
A:144--A:145,6.160000,6.160000,1.326968,1.328032,1.328390,1.332545,1.327113,1.326257,1.327842,1.327671,1.326331,1.325965
A:144--A:146,7.200000,7.200000,3.202067,3.112748,3.209090,3.202927,3.104455,3.143934,3.143721,3.196093,3.185907,3.205908
A:145--A:146,5.160000,5.160000,1.329426,1.330178,1.328517,1.331769,1.329081,1.328846,1.331401,1.328443,1.329848,1.330429
A:145--A:147,8.008999,8.008999,3.206721,3.214975,3.259024,3.254302,3.236030,3.164421,3.237518,3.166076,3.195103,3.261582
A:145--A:148,8.160000,8.160000,5.637488,5.693300,5.735914,5.673274,5.726799,5.616362,5.703913,5.632321,5.596634,5.725695
A:146--A:147,6.200000,6.200000,1.333228,1.332322,1.331709,1.332032,1.332408,1.333347,1.330097,1.329871,1.331540,1.331776
A:146--A:148,7.160000,7.160000,3.294937,3.533689,3.441910,3.312017,3.515808,3.415215,3.353567,3.372775,3.235705,3.327450
A:147--A:148,5.660000,5.660000,1.329152,1.332151,1.329507,1.329319,1.331976,1.331046,1.329211,1.329182,1.328225,1.330077
A:147--A:149,8.160000,8.160000,4.553737,4.325421,4.297467,4.440297,4.322799,4.295740,4.554092,4.303350,4.529784,4.556044
A:147--A:155,6.566749,6.566749,4.167175,4.369301,4.313978,4.052655,4.341775,4.385702,4.316262,4.293219,4.353903,4.269030
A:148--A:149,5.700000,5.700000,1.324430,1.330516,1.328843,1.324736,1.330095,1.329867,1.322840,1.329695,1.321167,1.321611
A:148--A:153,8.240000,8.240000,3.984392,3.977755,3.819973,4.102906,3.795758,3.521450,4.225814,3.453393,3.992682,4.233552
A:148--A:156,10.893498,10.893498,4.937790,4.995342,5.233288,6.221274,5.096753,5.306862,5.052969,4.958220,5.003949,5.188822
A:149--A:150,5.740000,5.740000,1.317984,1.310050,1.313295,1.311869,1.312610,1.308432,1.317556,1.317121,1.318760,1.311251
A:149--A:151,7.003748,7.003748,3.145716,3.169168,3.179739,3.225525,3.167910,3.192272,3.137905,3.118886,3.095396,3.185473
A:149--A:152,6.200000,6.200000,2.601979,2.469295,2.613604,2.771467,2.426400,2.700864,2.736958,2.769445,2.583085,2.561270
A:149--A:153,9.405622,9.405622,3.305694,3.379739,3.379540,3.350808,3.380064,3.445475,3.632086,3.392223,3.327751,3.377254
A:150--A:151,5.700000,5.700000,1.335123,1.328006,1.328973,1.332908,1.329689,1.331893,1.332113,1.331367,1.333736,1.331806
A:150--A:153,8.244685,8.244685,4.948063,4.438963,4.896330,4.971809,4.545912,4.987146,4.854830,4.713605,4.893920,4.879763
A:150--A:175,6.240000,6.240000,2.359026,2.683090,2.396742,2.355530,2.885068,2.362374,2.347562,2.355973,2.435949,2.729973
A:151--A:152,4.660000,4.660000,1.332061,1.334483,1.332908,1.331019,1.330925,1.334603,1.331272,1.333208,1.333393,1.332949
A:151--A:175,6.240000,6.240000,4.363045,4.598575,4.456190,4.465262,4.798178,4.442892,4.294282,4.292820,4.441000,4.809547
A:151--A:176,8.240000,8.240000,5.149305,4.637873,4.860718,4.707020,4.860605,4.425674,4.578975,4.802409,5.040025,4.703324
A:151--A:179,8.240000,8.240000,4.073527,2.815702,4.825722,3.235027,4.544004,3.739277,3.303088,3.470116,4.533553,3.760043
A:152--A:153,6.200000,6.200000,1.329161,1.330728,1.326077,1.328890,1.327875,1.331370,1.327997,1.329050,1.329479,1.328908
A:152--A:154,7.200000,7.200000,3.905870,3.828990,2.552397,2.735560,3.325408,3.897031,3.421465,2.408849,3.655060,2.536614
A:152--A:175,7.200000,7.200000,5.931682,6.043710,5.867265,5.795842,6.146535,5.933354,5.871554,5.929777,5.953000,6.008763
A:152--A:176,8.240000,8.240000,4.910545,4.063090,3.933466,3.837573,4.020789,4.157629,3.913873,4.101587,4.503490,3.779230
A:153--A:154,5.700000,5.700000,1.334891,1.338105,1.329815,1.336539,1.334441,1.339135,1.334954,1.333088,1.333262,1.335083
A:153--A:155,7.200000,7.200000,2.321254,2.210476,2.322285,2.247604,2.261989,2.232131,2.296729,2.312808,2.380329,2.293555
A:153--A:156,7.200000,7.200000,3.624498,2.839279,3.663870,3.307194,3.384942,3.227378,3.564001,3.579629,3.871482,3.532832
A:153--A:172,6.566749,6.566749,3.760133,3.488954,3.399697,3.481345,3.478087,3.434623,3.385575,3.404892,3.667048,3.525009
A:153--A:175,7.043748,7.043748,4.112861,3.667462,3.954381,3.605179,3.844149,3.803374,3.828191,3.734841,4.256900,4.007806
A:153--A:176,4.080000,4.080000,3.628164,2.996660,2.881272,2.794721,2.965744,3.033007,2.897886,3.050529,2.794409,2.747733
A:154--A:155,6.200000,6.200000,1.326944,1.328026,1.327242,1.325046,1.326506,1.326187,1.326398,1.326727,1.328757,1.327405
A:154--A:157,5.740000,5.740000,3.296973,3.145754,3.292961,3.251881,3.236799,3.240520,3.274812,3.297831,3.402082,3.305669
A:154--A:158,7.200000,7.200000,3.153605,3.077372,3.153737,3.028549,3.169114,3.086951,3.097884,3.237614,3.235764,3.129254
A:154--A:172,8.204685,8.204685,6.318252,6.206843,6.285541,6.334910,6.169309,6.310002,6.238164,6.181281,6.523299,6.418392
A:154--A:176,7.200000,7.200000,3.244233,3.583081,3.468614,3.468430,3.608751,4.459982,3.685557,3.671550,4.455357,3.516826
A:155--A:156,7.160000,7.160000,1.325575,1.324434,1.325595,1.326386,1.326510,1.325370,1.325928,1.324170,1.325106,1.325160
A:155--A:157,7.160000,7.160000,3.266493,3.248884,3.258849,3.264921,3.256706,3.258670,3.271768,3.252802,3.292743,3.285195
A:155--A:158,6.200000,6.200000,3.241124,3.221939,3.237359,3.146557,3.188379,3.231885,3.216456,3.241154,3.284016,3.277476
A:155--A:159,8.244685,8.244685,3.017780,3.080573,3.067368,2.984510,3.108210,3.066760,3.080933,3.101752,3.087993,3.109585
A:156--A:157,5.660000,5.660000,1.326561,1.325943,1.327484,1.326049,1.326100,1.324035,1.326750,1.326153,1.326575,1.326593
A:156--A:158,7.160000,7.160000,3.290612,3.298389,3.302236,3.248340,3.279006,3.287506,3.289628,3.317383,3.289639,3.308278
A:156--A:159,6.200000,6.200000,3.486886,3.509705,3.487457,2.703567,2.700722,2.693803,2.701646,3.591357,3.433005,3.542565
A:156--A:160,9.451248,9.451248,3.082252,3.077871,3.131004,3.071663,3.097719,3.072510,3.083937,3.085563,3.217162,3.070934
A:156--A:172,6.240000,6.240000,3.818296,3.655753,3.707336,3.663845,3.709722,3.802437,3.708949,3.647346,3.398596,3.583019
A:157--A:158,5.660000,5.660000,1.328375,1.330300,1.329720,1.327203,1.330080,1.329151,1.330382,1.328747,1.327936,1.329831
A:157--A:159,7.160000,7.160000,3.386944,3.384907,3.361745,3.308236,3.377007,3.385488,3.379259,3.414507,3.338994,3.382675
A:157--A:160,6.200000,6.200000,3.477579,3.448528,3.428494,3.442228,3.455213,3.453227,3.489530,3.498890,3.441574,3.441667
A:157--A:169,5.740000,5.740000,4.678102,4.193914,4.318257,4.332126,4.314003,4.413663,4.232810,3.775960,2.525965,4.387307
A:157--A:172,5.740000,5.740000,3.101975,3.268475,3.265178,3.213043,3.200827,3.185997,3.187261,3.194061,3.131349,3.267920
A:157--A:173,7.200000,7.200000,4.559352,4.077835,4.132647,4.109371,4.043221,4.239621,3.863141,4.044510,4.707724,3.981677
A:157--A:176,8.240000,9.799527,2.616812,2.818032,2.759951,3.020214,3.153430,3.688202,3.224115,3.106368,3.162970,2.829511
A:158--A:159,5.700000,6.128618,1.329278,1.328857,1.328943,1.325753,1.329793,1.332110,1.330436,1.329647,1.325527,1.328363
A:158--A:160,7.160000,7.160000,3.308932,3.298013,3.286865,3.417955,3.345155,3.292090,3.365648,3.307592,3.303704,3.301527
A:158--A:161,6.200000,6.200000,3.315762,3.324524,3.307085,3.280880,3.424810,3.348890,3.431380,3.312242,3.390705,3.321741
A:159--A:160,6.160000,6.160000,1.327838,1.327654,1.326074,1.330336,1.326471,1.326404,1.325187,1.325771,1.327381,1.326522
A:159--A:162,6.200000,6.200000,3.243319,3.311749,3.203230,3.313504,3.207221,3.294737,3.198153,3.212206,3.200542,3.290846
A:160--A:161,5.700000,5.700000,1.326810,1.327196,1.326292,1.327048,1.326307,1.325593,1.327167,1.326353,1.325847,1.327346
A:160--A:162,8.160000,8.160000,3.190294,3.238292,3.177275,3.091770,3.185722,3.227739,3.172589,3.165071,3.164072,3.224849
A:160--A:163,7.200000,7.200000,3.060641,3.141711,3.076547,3.092790,3.088989,3.158349,3.026971,3.009145,3.064193,3.166069
A:160--A:165,7.200000,7.200000,3.052882,3.199658,3.392345,3.373812,3.380283,3.020741,3.150814,3.205745,3.226597,3.057177
A:160--A:168,7.043748,7.043748,4.108006,4.212592,3.990818,4.225835,4.092408,4.097042,4.089908,4.132682,3.765959,4.139885
A:160--A:169,7.043748,7.043748,5.100378,4.910347,4.664162,4.956508,5.149153,4.888331,5.235147,5.218361,3.805448,4.891902
A:160--A:172,7.287874,7.287874,3.560978,3.230870,3.140527,3.192499,3.454674,3.190392,3.578005,3.626928,3.356652,3.190558
A:161--A:162,5.660000,5.660000,1.331587,1.330188,1.330793,1.330596,1.331798,1.331747,1.330587,1.331885,1.329774,1.329994
A:161--A:163,7.160000,7.160000,3.209819,3.213156,3.179283,3.208048,3.163434,3.230104,3.200777,3.164826,3.199612,3.259104
A:161--A:164,8.200000,8.200000,2.783871,2.800112,2.783170,2.830582,2.727806,2.782669,2.758364,2.688572,2.766264,2.847110
A:161--A:165,6.200000,6.200000,4.066635,3.978955,4.297489,4.196850,4.196879,3.992650,3.995508,3.954247,4.496236,4.106007
A:161--A:166,7.200000,7.200000,4.998544,5.319125,4.686850,5.158841,5.319538,4.689389,5.066080,5.083842,5.546833,4.869114
A:161--A:169,6.240000,6.240000,3.655744,4.445249,4.031178,2.482858,3.366265,3.603092,3.446715,4.260911,3.064562,3.160809
A:162--A:163,5.700000,5.700000,1.329596,1.331073,1.328207,1.328916,1.328208,1.330185,1.329391,1.329935,1.328684,1.331082
A:162--A:164,6.160000,6.160000,2.802534,2.768392,2.980215,2.932452,2.950059,2.786587,2.776914,2.585405,3.019136,2.784432
A:162--A:165,8.160000,8.160000,5.216682,5.188734,5.521509,5.385486,5.503744,5.171131,5.199820,5.216521,5.597337,5.184330
A:163--A:164,6.160000,6.160000,1.331317,1.332451,1.334314,1.333942,1.334648,1.333324,1.333428,1.333795,1.333925,1.331715
A:163--A:165,6.160000,6.160000,3.202956,3.224607,3.542908,3.492296,3.569358,3.209259,3.224077,3.233576,3.551241,3.179894
A:163--A:168,10.893498,10.893498,6.987697,6.894131,6.638524,6.872839,6.568131,7.069865,6.827726,6.732132,6.154663,7.097369
A:164--A:165,5.160000,5.160000,1.334666,1.332569,1.334347,1.332101,1.337053,1.332476,1.333376,1.333739,1.335530,1.332298
A:164--A:166,8.244685,8.244685,3.540526,3.589224,3.758181,3.674573,3.760887,3.528997,3.587968,3.622138,3.735963,3.474097
A:165--A:166,5.700000,5.700000,1.328206,1.327772,1.324875,1.328044,1.329665,1.328603,1.326070,1.326527,1.325429,1.328411
A:165--A:167,7.200000,7.200000,3.293080,3.150865,3.127204,3.249832,3.266973,3.281823,3.273922,3.302120,3.239142,3.284613
A:165--A:168,7.043748,7.043748,3.381373,3.308804,3.395369,3.454641,3.384722,3.352316,3.375082,3.420514,3.346948,3.153365
A:166--A:167,5.660000,5.660000,1.329003,1.328794,1.329040,1.328306,1.326798,1.328074,1.328893,1.329618,1.329380,1.325698
A:166--A:168,7.160000,7.160000,3.216338,3.292529,3.318308,3.259931,3.133950,3.205395,3.219256,3.230664,3.204897,3.216165
A:166--A:169,6.200000,6.200000,3.037361,3.192711,3.210648,3.226247,2.769566,3.015673,2.987808,3.072061,2.881705,3.055811
A:166--A:170,9.405622,9.405622,2.971191,2.952473,3.049611,2.996903,2.641415,3.003880,2.849491,2.878999,2.547659,2.906275
A:167--A:168,5.700000,5.700000,1.328152,1.329399,1.327582,1.327070,1.327266,1.327809,1.326533,1.327524,1.328390,1.326435
A:167--A:169,7.200000,7.200000,3.252418,3.238118,3.245049,3.290515,3.230000,3.235461,3.234121,3.250498,3.196365,3.273115
A:167--A:170,6.200000,6.200000,3.257565,3.201446,3.240327,3.307097,3.179282,3.246210,3.218896,3.237390,3.071227,3.289780
A:167--A:171,7.240000,7.240000,3.340817,3.205083,3.334325,3.236689,3.041988,3.261837,3.056917,3.069623,2.949568,3.251108
A:168--A:169,5.660000,5.660000,1.332854,1.330370,1.331448,1.330526,1.332830,1.330665,1.331396,1.330268,1.331113,1.333682
A:168--A:170,7.160000,7.160000,3.182918,3.200669,3.200991,3.206143,3.227820,3.205102,3.236009,3.229436,3.184736,3.227579
A:168--A:171,6.200000,6.200000,3.197053,3.189020,3.171551,3.216620,3.258840,3.217941,3.263932,3.244688,3.203100,3.278505
A:168--A:172,9.405622,9.405622,3.298942,3.150666,3.121089,3.141229,3.133830,3.172448,3.065517,3.129395,3.333057,3.166089
A:169--A:170,5.660000,5.660000,1.328371,1.328148,1.326632,1.326495,1.329142,1.330045,1.330728,1.328886,1.330625,1.329118
A:169--A:171,7.200000,7.200000,3.298403,3.274632,3.269453,3.284835,3.296734,3.309120,3.317658,3.286378,3.266885,3.308138
A:169--A:172,6.200000,6.200000,3.252967,3.189824,3.155249,3.215633,3.219775,3.249325,3.274457,3.240119,3.186642,3.210492
A:170--A:171,5.660000,5.660000,1.329725,1.330540,1.328568,1.329088,1.330122,1.330416,1.328204,1.329810,1.330468,1.330785
A:170--A:172,7.160000,7.160000,3.216180,3.205892,3.202875,3.219663,3.194925,3.202001,3.204004,3.208304,3.159752,3.204916
A:170--A:173,6.200000,6.200000,3.142339,3.117392,3.121240,3.164343,3.102666,3.122960,3.129060,3.108935,3.058210,3.124925
A:170--A:174,8.244685,8.244685,3.351373,3.336022,3.330084,3.518690,3.296128,3.397600,3.372278,3.267722,3.289369,3.357670
A:171--A:172,5.660000,5.660000,1.325187,1.327562,1.329257,1.327974,1.327317,1.327782,1.325458,1.325692,1.324581,1.328152
A:171--A:173,7.160000,7.160000,3.197245,3.225840,3.226112,3.209730,3.212049,3.205010,3.216238,3.210197,3.221861,3.215513
A:171--A:174,6.200000,6.200000,3.120060,3.174451,3.140195,3.152490,3.148506,3.140744,3.200132,3.132729,3.113987,3.169713
A:172--A:173,5.660000,5.660000,1.327531,1.327157,1.326823,1.326501,1.325305,1.325085,1.327438,1.327814,1.326452,1.327232
A:172--A:174,7.200000,7.200000,3.184096,3.151790,3.130910,3.158604,3.175493,3.181393,3.190710,3.159902,3.137064,3.175454
A:172--A:175,5.740000,5.740000,3.092656,3.033780,3.002381,3.021203,3.047717,3.100652,3.098302,3.031719,2.984039,3.061335
A:172--A:176,6.443280,6.443280,2.940302,3.170878,3.181519,3.158036,3.138563,3.350011,3.195455,3.013838,2.951092,3.147886
A:173--A:174,5.660000,5.660000,1.330804,1.328949,1.330271,1.331247,1.333229,1.331230,1.328821,1.330023,1.329812,1.329439
A:173--A:175,7.200000,7.200000,3.240195,3.189052,3.192086,3.200992,3.188540,3.200411,3.188398,3.208724,3.209724,3.195462
A:173--A:176,5.740000,5.740000,3.290707,3.148448,3.203191,3.206844,3.259394,3.164393,3.142537,3.210932,3.312650,3.169185
A:174--A:175,5.660000,5.660000,1.329713,1.329408,1.326911,1.329906,1.326350,1.327140,1.326284,1.329746,1.330420,1.329263
A:174--A:176,7.200000,7.200000,3.356353,3.314546,3.343844,3.324940,3.365926,3.277450,3.323527,3.329788,3.400295,3.311594
A:174--A:177,6.200000,6.200000,3.239758,3.198887,3.052434,3.184491,3.009731,2.936117,3.147874,3.145476,3.382059,3.132869
A:174--A:178,7.200000,7.200000,2.826132,3.033330,2.790807,2.756547,3.081646,2.932868,2.881853,2.816592,2.899084,2.811989
A:175--A:176,5.660000,5.660000,1.326028,1.329802,1.329276,1.329334,1.329394,1.326743,1.327947,1.328918,1.329083,1.328198
A:175--A:177,7.200000,7.200000,3.202025,3.201927,3.261185,3.181717,3.324216,3.001863,3.142909,3.142653,3.255119,3.156444
A:175--A:178,7.200000,7.200000,3.146221,3.056601,3.000899,2.994118,3.040398,2.734351,2.931678,2.778337,3.210119,2.806890
A:176--A:177,5.660000,5.660000,1.328830,1.328568,1.329504,1.326690,1.329382,1.331167,1.326768,1.326224,1.327952,1.325989
A:176--A:178,7.200000,7.200000,3.243123,3.202031,3.243579,3.225323,3.093147,3.133526,3.213317,3.098139,3.277468,3.071053
A:176--A:179,7.200000,7.200000,3.088194,2.972611,2.340348,2.819477,3.108876,2.952530,2.965099,2.985223,3.172211,3.082510
A:177--A:178,5.160000,5.160000,1.332905,1.327984,1.335368,1.330111,1.332965,1.335813,1.331114,1.335816,1.331344,1.330050
A:177--A:179,7.160000,7.160000,3.203747,3.050635,3.325474,2.689284,3.178900,3.212038,2.896517,3.228617,3.213962,2.860567
A:178--A:179,6.160000,6.160000,1.326241,1.328305,1.327377,1.329017,1.328627,1.327061,1.329781,1.328438,1.327207,1.329115
A:180--A:181,8.200000,8.200000,1.328657,1.332527,1.330455,1.331138,1.331972,1.330362,1.331650,1.331044,1.329119,1.329143
