residue_pair,nef_max_distance_A,star_max_distance_A,model_1_min_heavy_atom_distance_A,model_2_min_heavy_atom_distance_A,model_3_min_heavy_atom_distance_A,model_4_min_heavy_atom_distance_A,model_5_min_heavy_atom_distance_A,model_6_min_heavy_atom_distance_A,model_7_min_heavy_atom_distance_A,model_8_min_heavy_atom_distance_A,model_9_min_heavy_atom_distance_A,model_10_min_heavy_atom_distance_A,model_11_min_heavy_atom_distance_A,model_12_min_heavy_atom_distance_A,model_13_min_heavy_atom_distance_A,model_14_min_heavy_atom_distance_A,model_15_min_heavy_atom_distance_A,model_16_min_heavy_atom_distance_A,model_17_min_heavy_atom_distance_A,model_18_min_heavy_atom_distance_A,model_19_min_heavy_atom_distance_A,model_20_min_heavy_atom_distance_A
A:2--A:3,5.600000,,1.336032,1.333605,1.336173,1.334142,1.334976,1.335909,1.337525,1.338441,1.330897,1.336818,1.336078,1.338032,1.336151,1.337375,1.336731,1.339643,1.335365,1.337939,1.337379,1.336261
A:3--A:4,5.300001,5.300001,1.333258,1.337527,1.333815,1.342826,1.332332,1.338486,1.333440,1.338783,1.335885,1.333495,1.334963,1.338079,1.335009,1.334324,1.334428,1.338477,1.336236,1.336645,1.335006,1.335691
A:4--A:5,5.070000,5.070000,1.338261,1.336493,1.334633,1.337186,1.333344,1.334866,1.338018,1.335969,1.335549,1.335139,1.331645,1.337930,1.336498,1.338331,1.334473,1.334002,1.338289,1.340231,1.337382,1.334283
A:5--A:6,4.930000,4.930000,1.334657,1.333657,1.338097,1.334051,1.334726,1.333369,1.333915,1.338718,1.334420,1.333143,1.334239,1.332439,1.333795,1.337109,1.335349,1.332509,1.338149,1.332769,1.336219,1.334309
A:6--A:7,5.040000,,1.341766,1.339866,1.339493,1.344546,1.338850,1.341902,1.341037,1.341645,1.338373,1.336473,1.339378,1.339178,1.343605,1.340033,1.339791,1.337080,1.338269,1.339611,1.338543,1.338442
A:6--A:8,6.940000,,3.266441,3.384982,3.403428,3.087514,3.118214,3.340772,3.096387,3.261661,3.182031,3.021430,3.154496,3.433633,3.144444,3.146465,3.009946,3.139682,3.145764,3.342086,3.134965,3.165154
A:6--A:9,7.170000,,3.166103,3.354633,3.290238,4.682110,2.966019,3.271951,3.007186,3.156392,3.210008,3.098984,2.970978,3.351585,3.154179,3.205857,2.873794,3.107801,3.428595,3.254104,5.755551,3.143029
A:7--A:8,6.170000,,1.334558,1.333923,1.337982,1.337867,1.335910,1.335893,1.339147,1.337340,1.333905,1.336970,1.336557,1.335111,1.336851,1.337081,1.339024,1.337596,1.334458,1.334235,1.338817,1.337501
A:7--A:9,7.050000,7.700000,3.302534,3.250046,3.211952,3.345771,3.105869,3.209554,3.144479,3.232048,3.073415,3.177230,3.156282,3.215351,3.066566,3.216271,3.137153,3.210928,3.119673,3.209020,3.256409,3.263951
A:8--A:9,5.770000,5.770000,1.333462,1.336701,1.338655,1.339747,1.341002,1.335964,1.337820,1.336042,1.338630,1.338034,1.338767,1.337097,1.335121,1.339800,1.340658,1.340302,1.336908,1.335984,1.337243,1.339054
A:9--A:10,5.430000,5.430000,1.332370,1.332883,1.329800,1.332753,1.340017,1.332118,1.332289,1.333486,1.332266,1.334114,1.337978,1.328141,1.332839,1.335578,1.335787,1.333051,1.334302,1.330186,1.332433,1.333014
A:9--A:12,6.520001,6.520001,3.094946,3.276780,3.329758,3.474041,3.247033,3.499616,3.204719,3.166063,3.609193,3.064202,3.370420,3.176690,3.258683,3.268778,3.346804,3.566281,4.940718,3.364478,3.366513,3.310027
A:10--A:11,5.660000,5.660000,1.336082,1.336159,1.334594,1.338214,1.336961,1.337249,1.337166,1.334376,1.334581,1.338687,1.338292,1.336643,1.335710,1.336451,1.335564,1.332890,1.336180,1.337718,1.336931,1.336013
A:10--A:13,6.110000,7.430001,2.949486,3.509161,3.168252,3.320781,3.136517,3.288653,2.968529,3.061207,2.987228,3.300237,2.964353,3.486145,3.223345,3.276255,3.324151,3.045366,3.281179,3.310167,3.584118,3.565515
A:10--A:14,7.700000,7.700000,3.197616,3.217915,3.709777,3.375271,2.890773,3.957701,2.936277,2.894929,2.949263,3.847749,2.952158,2.832403,3.387844,2.843338,3.015839,3.546481,2.839475,2.866595,3.342001,2.831458
A:11--A:12,5.940000,,1.336114,1.338436,1.340218,1.333751,1.335830,1.339999,1.337401,1.339583,1.337292,1.335775,1.337228,1.339694,1.338477,1.338249,1.335366,1.335219,1.336697,1.337237,1.336408,1.336900
A:11--A:14,7.740000,,2.979225,3.232253,2.963834,2.988965,4.149046,2.893180,3.652103,3.595383,3.052114,2.950118,3.427890,3.192730,3.302740,3.473962,3.190915,3.033988,3.360130,3.306528,3.016324,3.497748
A:12--A:13,5.170000,5.170000,1.338898,1.334227,1.334504,1.339273,1.338217,1.336486,1.337387,1.336307,1.338047,1.334964,1.335462,1.336798,1.337348,1.335530,1.334734,1.337270,1.334945,1.335674,1.335929,1.335978
A:12--A:14,7.700000,,3.645421,3.411743,3.546377,3.719508,3.680902,3.247560,3.766345,3.306101,3.430095,3.248835,3.688130,3.268349,3.702777,3.305396,3.377873,3.261329,3.279327,3.596090,3.318068,3.308565
A:12--A:15,6.700000,6.700000,3.563014,3.333865,3.505842,3.694385,3.510132,3.351843,3.768253,3.259085,3.619200,3.329323,3.681187,3.159912,3.634029,3.242304,3.429527,3.496845,3.304166,3.467581,3.424025,3.162420
A:13--A:14,5.390001,5.390001,1.339089,1.333444,1.336842,1.336818,1.333622,1.336686,1.334785,1.335923,1.335243,1.338086,1.337959,1.336358,1.336001,1.337129,1.337304,1.336394,1.335902,1.336684,1.336028,1.336458
A:13--A:15,6.380000,6.380000,3.006899,3.251362,3.124802,3.070050,3.029336,3.508283,3.029011,3.319027,3.275278,3.437004,3.041726,3.340737,3.069833,3.335233,3.296177,3.542381,3.407254,3.110436,3.419820,3.326142
A:14--A:15,6.890001,,1.334513,1.335085,1.335542,1.335036,1.334278,1.336471,1.336517,1.336683,1.336883,1.335888,1.335788,1.335594,1.335206,1.334463,1.335825,1.335516,1.335384,1.337289,1.337222,1.336466
A:15--A:16,5.410000,5.410000,1.337700,1.337117,1.334467,1.337696,1.336628,1.336990,1.337157,1.337338,1.339125,1.337406,1.337431,1.336378,1.334883,1.340512,1.332942,1.340205,1.336667,1.338766,1.337717,1.337520
A:16--A:17,5.160000,5.160000,1.338216,1.332700,1.337791,1.333217,1.336550,1.336846,1.337338,1.337844,1.336876,1.335530,1.340251,1.336261,1.332563,1.334757,1.336218,1.336508,1.337594,1.334393,1.337903,1.336397
A:17--A:18,5.560001,5.560001,1.337706,1.335740,1.335969,1.337142,1.339313,1.335479,1.337132,1.337476,1.337818,1.336056,1.336910,1.337356,1.335826,1.334512,1.335854,1.337933,1.334604,1.339296,1.335068,1.338458
A:18--A:19,5.480000,5.480000,1.336526,1.336284,1.336116,1.334746,1.330881,1.338146,1.334272,1.334291,1.334761,1.331800,1.332951,1.334054,1.333667,1.337042,1.335682,1.334139,1.333834,1.337692,1.337503,1.337995
A:19--A:20,4.890001,4.890001,1.338128,1.336533,1.335963,1.337189,1.336181,1.334635,1.331875,1.334165,1.337310,1.336316,1.337802,1.335581,1.337163,1.336988,1.335897,1.335324,1.336530,1.335997,1.333658,1.337427
A:20--A:21,5.260000,5.260000,1.337577,1.336719,1.337139,1.336659,1.333978,1.334060,1.336096,1.339505,1.338497,1.337851,1.338114,1.335626,1.339544,1.335125,1.338240,1.336982,1.337278,1.336457,1.336866,1.334041
A:21--A:22,4.900000,4.900000,1.333381,1.333326,1.335727,1.334977,1.336484,1.336880,1.335334,1.329917,1.332556,1.331604,1.334192,1.339296,1.332284,1.333319,1.333171,1.336412,1.335206,1.334138,1.333945,1.334365
A:21--A:23,6.630000,6.670000,3.367896,3.183602,3.539537,3.438237,3.463683,3.952708,3.698740,3.347595,3.700669,2.874432,3.748571,3.492665,2.893488,3.463158,2.891423,3.817261,3.456656,2.711725,3.547818,3.637534
A:21--A:24,6.710000,,3.257078,3.148215,3.262005,3.258255,4.108055,3.149247,3.776488,4.006033,4.667381,3.218687,3.655899,4.872303,3.334809,3.345703,3.477019,3.404420,3.617978,4.670278,3.364324,5.142451
A:22--A:23,5.250000,5.250000,1.337012,1.334282,1.337545,1.336030,1.338938,1.335568,1.336720,1.336929,1.334503,1.335623,1.336356,1.338394,1.335665,1.336549,1.337266,1.337551,1.338480,1.336316,1.337225,1.336151
A:22--A:24,6.630000,6.630000,3.363819,3.221419,3.207285,3.331303,2.834484,3.191478,3.028378,2.931658,3.114129,3.336423,2.995812,2.950947,3.279355,3.352351,3.186652,3.204904,3.069910,3.192294,3.251442,2.851776
A:22--A:25,6.940000,,4.842027,4.681911,4.776388,4.823181,3.448918,4.369253,4.120135,3.449111,3.970246,5.075562,3.035277,3.208577,4.650317,5.064147,4.517115,4.622504,4.288635,4.182623,4.866754,3.268541
A:22--A:28,7.440058,,3.105272,3.104514,3.048481,3.252610,2.840980,3.210066,2.845140,2.976564,3.169248,3.370043,2.905660,2.931028,3.054773,3.365190,3.212105,3.211950,2.838332,3.216619,3.242557,3.080827
A:22--A:56,8.616976,,7.307017,7.303491,7.335381,7.015314,7.272705,7.329637,7.216029,7.414799,7.562211,7.346004,7.429811,7.384664,7.203673,6.979691,7.033028,7.290587,7.241130,7.513931,7.104131,7.323606
A:22--A:59,7.067767,,4.095132,3.814088,3.819755,4.154105,3.569182,3.860597,3.337128,3.728406,3.775239,3.792145,3.632561,3.713032,3.604915,4.080368,3.734847,3.766496,3.363403,3.840669,3.919730,3.604767
A:22--A:62,8.845154,,5.661132,5.099400,5.013192,5.933847,3.713878,5.293281,3.900647,3.866676,4.486123,5.113643,3.937845,3.847432,4.711474,5.430454,5.619740,5.378604,3.899438,4.740379,5.049320,3.659964
A:23--A:24,5.110000,5.110000,1.335114,1.335441,1.337499,1.337921,1.334299,1.335873,1.334048,1.334807,1.336499,1.336588,1.334151,1.336494,1.335442,1.334761,1.336938,1.336277,1.332673,1.336075,1.334061,1.335147
A:23--A:28,7.560001,,4.564299,4.423809,4.321082,4.665741,3.537550,4.515380,3.571121,4.504157,4.680503,4.580057,3.528981,3.783671,4.146896,5.131624,4.570705,4.325004,3.618178,4.579221,4.880169,3.778224
A:24--A:25,5.090000,5.090000,1.334558,1.333172,1.333488,1.333200,1.334132,1.333960,1.334100,1.335881,1.334666,1.333729,1.335221,1.335622,1.334662,1.332655,1.334373,1.333480,1.333346,1.334355,1.334408,1.333396
A:24--A:28,7.650000,,5.008202,4.911564,4.737016,5.082006,4.424582,5.133751,4.346650,5.120198,5.191755,5.123898,4.571270,4.867923,4.900558,5.341300,5.138755,5.053132,4.399083,5.208599,5.191100,4.852254
A:24--A:29,6.710000,6.710000,3.721051,3.695357,3.649864,3.550774,2.885968,3.634030,2.838589,4.062008,3.749803,3.728677,3.728057,4.223714,2.933818,3.617351,2.907459,3.624581,2.833366,3.818236,3.870199,4.075091
A:25--A:26,5.080000,5.080000,1.335403,1.335269,1.334979,1.335702,1.332483,1.335326,1.334525,1.335351,1.336497,1.336774,1.334666,1.334964,1.337358,1.337038,1.337848,1.333032,1.334627,1.332526,1.334814,1.334365
A:25--A:28,5.270000,6.750000,2.829796,2.849875,2.829484,2.840392,2.801932,2.846855,2.839395,2.872820,2.835161,2.823386,2.870816,2.823089,2.832390,2.831889,2.832827,2.829230,2.817791,2.810171,2.834352,2.860889
A:25--A:29,7.140001,7.140001,2.747481,2.748318,2.762712,2.780997,2.774408,2.787593,2.804785,2.797297,2.744691,2.800918,2.764046,2.760084,2.774715,2.779544,2.798162,2.761307,2.811318,2.751352,2.774010,2.776221
A:25--A:62,7.700000,,3.925511,3.754618,4.518666,3.890818,4.227912,3.795360,4.409193,3.749200,3.748036,3.733817,3.678769,3.809418,3.949133,3.643532,3.816567,3.721433,3.973253,3.716154,3.650595,3.632506
A:26--A:27,6.040000,7.630000,1.334627,1.333293,1.335654,1.337105,1.337230,1.337100,1.334287,1.336321,1.336558,1.334602,1.336616,1.334879,1.337311,1.333885,1.336886,1.336113,1.334946,1.335721,1.333406,1.334450
A:26--A:28,6.770001,6.770001,3.327032,3.319029,3.307864,3.263544,3.276015,3.285978,3.277976,3.262624,3.304594,3.342381,3.268342,3.278134,3.310515,3.306714,3.273082,3.317882,3.252586,3.318174,3.318982,3.295548
A:26--A:29,5.770000,5.770000,3.406728,3.471224,3.436739,3.342570,3.393467,3.559203,3.350564,3.377550,3.441007,3.462929,3.439114,3.404235,3.407443,3.520413,3.433809,3.533402,3.411475,3.415059,3.455356,3.494817
A:26--A:30,6.820000,6.820000,3.018874,3.013550,2.997796,3.161797,3.056001,3.136590,2.966353,3.001068,2.990880,2.895328,3.084343,3.026842,2.982851,3.017609,3.249355,3.050805,2.963195,2.988579,2.938394,3.134793
A:27--A:28,6.130001,7.510000,1.333751,1.331841,1.332657,1.335932,1.331504,1.335593,1.333112,1.334868,1.334434,1.335222,1.333345,1.335246,1.332206,1.332986,1.333537,1.333627,1.333470,1.334665,1.335138,1.334683
A:27--A:30,6.143046,7.250000,3.266261,3.364891,3.309354,3.501795,3.228734,3.444882,3.273678,3.316440,3.338147,3.414678,3.452134,3.346340,3.282715,3.465439,3.448746,3.456167,3.471051,3.291818,3.387264,3.469760
A:27--A:62,5.540000,7.470000,3.342494,3.362242,3.341546,3.315241,3.365478,3.268433,3.349545,3.461669,3.318097,3.374969,3.283531,3.362892,3.329117,3.254783,3.299436,3.258246,3.308991,3.337940,3.308379,3.413524
A:27--A:66,6.970001,,5.058652,5.365529,5.027719,3.613354,4.927699,4.113357,4.856570,6.221830,4.986305,5.676251,3.367832,4.956902,5.082217,3.320523,3.547678,3.383040,3.327880,5.042959,5.431000,5.244554
A:28--A:29,5.130001,5.440000,1.333656,1.334447,1.333112,1.333883,1.333734,1.333797,1.335483,1.334543,1.334700,1.334549,1.334551,1.336033,1.333513,1.334030,1.332831,1.333290,1.335388,1.337108,1.330961,1.334948
A:28--A:30,6.530000,6.530000,3.153247,3.135885,3.142478,3.207286,3.124252,3.080846,3.134034,3.102415,3.116262,3.265446,3.102135,3.080773,3.160321,3.109348,2.982397,3.105823,3.129452,3.148394,3.148430,3.067225
A:28--A:31,5.630001,6.090000,3.118402,3.095106,3.100706,2.988737,3.075457,3.052417,3.067017,3.047053,3.109650,3.224359,3.045683,3.045728,3.137391,3.072718,2.716547,3.079995,3.032100,3.103325,3.103648,2.755622
A:28--A:32,6.191083,7.700000,2.885448,2.847825,2.872510,2.824180,2.839837,2.905147,2.854473,2.838272,2.862286,2.798200,2.864130,2.856255,2.853359,2.837802,2.805955,2.868393,2.820322,2.857516,2.834065,2.824060
A:28--A:35,8.845154,,6.050441,6.119125,6.128395,6.031335,6.274868,6.084656,6.259728,6.340690,6.230788,6.465582,6.166242,6.097958,6.325596,6.273054,5.983547,6.084985,6.523983,6.230350,6.253159,5.825820
A:28--A:41,7.740000,7.740000,6.518434,6.484591,6.651660,6.302592,6.478586,6.568253,6.608596,6.582030,6.627449,6.426024,6.609057,6.575569,6.409985,6.688277,6.461638,6.673876,6.586600,6.641375,6.711953,6.469425
A:28--A:55,6.443280,7.490000,3.640235,3.610535,3.734789,3.635760,3.734852,3.597190,3.594024,3.823712,3.730236,3.687574,3.764350,3.711910,3.715489,3.720625,3.594626,3.790691,3.602103,3.819824,3.853772,3.686293
A:28--A:56,6.560001,6.560001,5.608981,5.567864,5.600708,5.456445,5.599596,5.634757,5.635819,5.667349,5.603754,5.381557,5.635134,5.545709,5.625438,5.713979,5.691274,5.633100,5.656565,5.625052,5.662854,5.534015
A:28--A:58,6.839589,7.700000,4.213323,4.311649,4.229543,4.094324,4.259688,4.208872,4.258242,4.178359,4.221992,4.286709,4.212354,4.150142,4.214452,4.199008,4.120484,4.203456,4.251121,4.188565,4.236889,4.045814
A:28--A:59,5.900000,6.090000,3.533537,3.517550,3.519607,3.632204,3.553790,3.536329,3.529934,3.528775,3.528528,3.498037,3.519326,3.538047,3.514588,3.480494,3.529824,3.541985,3.494545,3.542554,3.517660,3.526113
A:28--A:60,7.700000,7.700000,5.994516,6.023972,6.005301,6.147477,5.981911,5.997682,6.026545,5.969082,5.988992,6.213766,5.951956,5.935302,6.016780,6.026347,6.028386,6.011610,6.062940,5.999632,6.039038,6.005657
A:28--A:62,5.850000,6.360000,3.214663,3.230134,3.220313,3.193948,3.292151,3.165791,3.255591,3.253990,3.240102,3.203449,3.194180,3.273954,3.222577,3.155653,3.179332,3.144811,3.183930,3.213707,3.166140,3.209374
A:28--A:65,7.700000,7.700000,5.966241,5.926766,6.001985,6.032917,6.002348,5.959025,6.052222,5.933801,6.066985,5.892714,5.986056,6.008112,5.962925,5.969613,5.948171,5.965217,5.909918,5.935693,5.928105,5.942372
A:29--A:30,5.380001,5.380001,1.338464,1.338499,1.338390,1.334761,1.337404,1.336281,1.338885,1.337345,1.338048,1.338767,1.338624,1.335079,1.338646,1.337784,1.338356,1.338257,1.337604,1.338167,1.335981,1.337027
A:29--A:31,6.790000,6.790000,3.381195,3.396914,3.388750,3.245932,3.375985,3.499110,3.365565,3.429359,3.471333,3.314795,3.429304,3.496594,3.374234,3.489893,3.330400,3.486205,3.354590,3.393004,3.408997,3.340202
A:29--A:32,6.130001,6.130001,3.708041,3.781340,3.722853,3.535132,3.791559,3.918179,3.672435,3.936076,3.763396,3.553872,3.883878,3.895264,3.676756,3.837689,3.745166,3.850719,3.771278,3.707010,3.707810,3.855395
A:29--A:33,6.500000,6.500000,3.026583,3.076678,3.032937,3.123678,3.048145,3.332127,3.033861,3.217117,3.121594,3.045480,3.166869,3.218860,3.026639,3.134711,3.264100,3.207002,3.093644,2.990177,2.981129,3.388538
A:30--A:31,5.530000,5.530000,1.335395,1.333481,1.336593,1.333903,1.333486,1.336846,1.335126,1.336780,1.336707,1.334755,1.335672,1.335318,1.336843,1.337332,1.337113,1.336073,1.336133,1.333284,1.336265,1.334622
A:30--A:32,7.700000,7.700000,3.466289,3.466910,3.460360,3.530354,3.513447,3.373094,3.489851,3.488284,3.345668,3.446875,3.476247,3.379864,3.474438,3.369854,3.552664,3.365464,3.521383,3.435495,3.431085,3.545579
A:30--A:33,5.560001,5.560001,3.320224,3.310301,3.312219,3.435530,3.381106,3.084798,3.321686,3.319468,3.087006,3.353008,3.423271,3.127203,3.313113,3.121012,3.399718,3.089707,3.339671,3.309137,3.301720,3.381597
A:30--A:34,7.400000,7.400000,3.543620,3.485084,3.524753,3.693581,3.600223,3.025947,3.605433,3.501033,3.211044,3.369417,3.416832,3.238105,3.649622,3.272281,3.785945,3.109556,3.677880,3.369555,3.298227,3.622759
A:30--B:21,7.114804,,3.793781,3.857554,3.781586,3.729908,3.729091,4.147831,3.799006,3.801861,4.095317,3.927025,3.854553,4.033590,3.751653,4.081729,3.637058,3.995266,3.686605,3.919659,3.942911,3.797389
A:31--A:32,5.710000,5.710000,1.335629,1.333648,1.335165,1.340994,1.334050,1.334770,1.337036,1.334523,1.334728,1.337407,1.336152,1.334230,1.337573,1.336321,1.341516,1.333396,1.334136,1.333081,1.334570,1.338182
A:31--A:33,6.790000,6.790000,3.155712,3.170601,3.154431,3.115300,3.151866,3.144400,3.132955,3.156309,3.146503,3.173193,3.221142,3.153178,3.131610,3.194859,3.082874,3.157823,3.137891,3.183479,3.201008,3.134807
A:31--A:34,6.030000,6.030000,3.006408,3.004492,2.999033,3.034779,2.986422,2.991923,2.908332,3.004411,2.936765,3.058666,3.058033,2.981534,2.927054,3.061514,2.951396,3.007801,3.005246,3.032365,3.048489,2.995369
A:31--A:35,6.839589,7.700000,3.216759,3.209934,3.219957,3.316956,3.258194,3.239264,3.027964,3.203337,2.979937,3.178220,3.094549,3.156199,3.090233,2.974869,3.256693,3.205282,3.217055,3.166107,3.004974,3.201597
A:31--A:41,7.740000,,6.242810,6.239884,6.268439,6.109640,6.338682,6.259881,6.299011,6.194172,6.308057,5.972430,6.230182,6.310666,6.283049,6.094148,6.248426,6.303488,6.225624,6.120954,6.031845,6.155406
A:31--A:58,6.410000,6.410000,3.451646,3.402973,3.421088,3.476985,3.332510,3.415040,3.465557,3.452985,3.464133,3.499787,3.371891,3.368122,3.387447,3.463638,3.452608,3.385096,3.517870,3.367804,3.389697,3.491507
A:31--A:59,7.240000,,4.946347,4.861337,4.934108,5.105138,4.837948,4.954752,4.972518,5.027973,4.958179,5.049921,4.880202,4.903585,4.925073,5.094805,5.017508,4.960444,5.108996,4.932498,4.956186,5.057779
A:31--A:60,7.700000,,6.532377,6.505132,6.539185,6.679823,6.518274,6.530665,6.557537,6.651255,6.537870,6.650961,6.502106,6.509157,6.545810,6.661922,6.605725,6.504623,6.660459,6.505261,6.534573,6.659305
A:31--A:61,7.070000,7.230000,4.665224,4.814023,4.655075,5.208077,4.828094,4.708526,4.672411,5.191229,4.609474,5.227677,4.661433,4.636097,4.666885,5.146902,4.841428,4.582397,5.217917,4.569180,4.693882,5.217752
A:31--A:62,5.960001,6.810001,3.787191,3.716720,3.798620,3.863950,3.745669,3.686837,3.844575,3.855352,3.773968,3.863595,3.720504,3.785578,3.775904,3.726064,3.861484,3.696867,3.776819,3.788211,3.853262,3.910063
A:31--A:65,6.970000,6.970000,5.319628,5.309857,5.362162,5.284369,5.232984,5.203074,5.333973,5.364030,5.279603,5.375823,5.316343,5.278777,5.260438,5.042781,5.323042,5.226033,5.196039,5.386704,5.433010,5.403526
A:31--B:14,6.527345,6.840000,3.193876,3.268895,3.198716,3.269071,3.303067,3.206909,3.195132,3.280597,3.212417,3.287018,3.212493,3.206829,3.290142,3.290342,3.230655,3.183729,3.323819,3.204595,3.180740,3.296618
A:31--B:17,6.590000,7.480000,3.507367,3.600459,3.516697,3.457084,3.571516,3.517293,3.415840,3.382481,3.456359,3.650577,3.094962,3.591219,3.475622,3.181843,3.533818,3.634784,3.481654,3.440876,3.134837,3.480675
A:31--B:18,6.820000,6.910000,3.278275,3.375008,3.251928,3.304267,3.281634,3.258811,3.263675,3.283116,3.425140,3.316510,3.258449,3.339825,3.335168,3.326641,3.287254,3.558731,3.408586,3.328206,3.321073,3.275727
A:31--B:21,6.330000,7.250000,3.712003,3.696500,3.720739,3.710457,3.754416,3.697138,3.710326,3.696241,3.683194,3.744321,3.713275,3.664572,3.654086,3.601082,3.690836,3.587422,3.616116,3.761752,3.677505,3.699207
A:32--A:33,5.600000,5.600000,1.331882,1.332692,1.333976,1.335015,1.334404,1.334796,1.334020,1.333122,1.334063,1.335091,1.332835,1.332380,1.333029,1.333564,1.331421,1.333760,1.333567,1.334814,1.333582,1.335117
A:32--A:34,6.700000,6.700000,3.192254,3.194366,3.215043,3.192587,3.215480,3.223883,3.189823,3.207207,3.249876,3.204115,3.181991,3.253328,3.175522,3.236989,3.191008,3.236348,3.186961,3.222665,3.228085,3.154189
A:32--A:35,6.410000,6.410000,3.010494,2.980572,3.047287,2.893625,2.990875,2.978453,3.009491,3.000790,3.057876,2.873529,2.997043,3.015779,3.022145,3.031255,3.022812,3.028981,3.031603,3.002800,3.071541,2.963283
A:32--A:36,6.910000,6.910000,2.830258,2.836012,2.778154,2.801370,2.738003,2.835720,2.866657,2.822353,2.744241,2.753696,2.770415,2.737714,2.830746,2.758119,2.886384,2.741627,2.820771,2.842078,2.836097,2.838806
A:32--A:40,8.845154,,6.348225,6.292931,6.328314,6.193581,6.339526,6.248420,6.330191,6.278298,6.254732,5.787186,6.294262,6.191079,6.492318,6.168421,5.791947,6.245666,6.385608,6.283876,6.285978,6.211880
A:32--A:41,6.203092,7.050000,4.125999,4.100432,4.126569,3.269561,4.165984,4.071295,4.098551,4.044387,4.096819,3.058783,4.116889,4.092674,4.112337,4.012746,3.719771,4.129590,4.096060,4.021119,4.012593,3.884578
A:32--A:51,7.390001,,4.482127,4.411982,4.933999,3.282304,4.950666,4.334874,4.377713,4.401229,5.010451,3.882002,4.765453,4.972646,4.420963,4.261845,4.206270,4.859500,4.209339,4.482592,4.510795,3.304095
A:32--A:55,6.220609,,3.385391,3.362552,3.399471,3.613718,3.421088,3.399751,3.407016,3.402416,3.406786,3.516609,3.385187,3.440284,3.403562,3.359654,3.581031,3.410434,3.366023,3.375681,3.392120,3.440034
A:32--A:58,6.999424,,4.157544,4.224419,4.139555,5.182284,4.182847,4.197374,4.253047,4.156732,4.193716,4.191999,4.215540,4.169950,4.160329,4.132280,3.725374,4.158395,4.176735,4.083060,4.184743,5.086212
A:32--A:59,8.144638,,5.495437,5.477263,5.459481,6.728244,5.434833,5.528319,5.559050,5.488086,5.497970,6.091322,5.486963,5.477583,5.454214,5.516356,5.562626,5.499693,5.548395,5.448338,5.515923,6.440147
A:32--A:62,8.845154,,5.808362,5.787331,5.806918,6.500233,5.804519,5.749334,5.838579,5.862568,5.790939,6.519589,5.782489,5.849416,5.784932,5.695863,6.231686,5.743523,5.730178,5.790932,5.867675,6.406220
A:32--B:14,8.845154,,6.028813,6.692735,6.067211,8.051342,6.994152,6.096729,6.097911,6.857148,6.126239,7.638128,6.139687,6.137077,7.268459,6.852201,5.896459,6.038038,6.808982,6.095825,6.237919,8.079670
A:33--A:34,5.450000,5.450000,1.337911,1.337963,1.338231,1.340846,1.339118,1.337612,1.337876,1.336333,1.336528,1.336542,1.335954,1.338244,1.337049,1.335710,1.340301,1.337381,1.338486,1.340356,1.338183,1.337866
A:33--A:35,6.570000,6.570000,3.370490,3.316565,3.374395,3.309450,3.288120,3.301154,3.344781,3.335932,3.294149,3.291931,3.412473,3.274450,3.387419,3.333052,3.384020,3.332838,3.406175,3.295044,3.365723,3.412115
A:33--A:36,5.800001,5.800001,3.621609,3.558084,3.524050,2.724354,3.509170,3.552317,3.580600,3.541377,3.428559,2.702926,3.604337,3.407440,3.649157,3.496425,3.656518,3.515125,3.623778,3.513304,3.503582,3.645219
A:33--A:41,7.700000,,6.016858,5.981210,6.048045,5.899157,6.086042,5.968227,6.014470,5.946714,6.045770,5.807092,6.009749,6.020043,5.999051,5.919985,6.017856,6.057751,6.008630,5.922350,5.916133,5.907288
A:33--B:21,8.665013,,6.889037,6.926557,6.888383,6.900470,6.906359,6.798714,6.906843,6.910767,6.756609,7.023462,6.970695,6.734495,6.839944,6.716641,6.850210,6.696681,6.832140,6.975588,6.973904,6.936660
A:34--A:35,5.560001,5.560001,1.336409,1.335331,1.335532,1.333007,1.335045,1.336355,1.336236,1.334338,1.337479,1.334858,1.336134,1.336879,1.335674,1.338164,1.333266,1.334815,1.335573,1.334942,1.336402,1.336220
A:34--A:36,6.570000,6.570000,3.317964,3.384594,3.282448,3.303500,3.414129,3.400646,3.337884,3.364892,3.373002,3.315807,3.301273,3.402850,3.307177,3.368765,3.306705,3.352960,3.273986,3.394376,3.301994,3.297321
A:34--A:37,5.300001,5.300001,3.264096,3.268277,3.245462,3.285885,3.579867,3.350315,3.211176,3.227971,3.583161,3.205331,3.259097,3.558091,3.198742,3.519072,3.215329,3.513728,3.213902,3.247603,3.193153,3.139512
A:34--A:38,7.700000,,3.017114,3.362129,2.952062,2.926732,2.953977,3.417193,3.231381,3.231491,3.244573,3.110313,3.268060,3.345889,2.896988,3.334862,2.929946,2.919274,2.896983,3.288707,3.222309,3.157137
A:34--B:17,6.470001,,3.480026,3.499347,3.496282,3.614365,3.417050,3.469930,3.592410,3.630198,3.742488,3.654004,3.348820,3.545227,3.534463,3.224188,3.666353,3.557346,3.583512,3.560712,3.367683,3.587639
A:34--B:18,8.845154,,5.541632,5.577544,5.556412,5.563864,5.657439,6.588786,5.579473,5.661054,6.615636,5.658857,6.399185,6.588179,5.459309,6.891693,5.585979,6.581550,5.551745,5.611899,6.410558,5.696486
A:34--B:20,7.215762,7.740000,3.452779,3.457248,3.420636,3.453714,3.460468,3.904602,3.428670,3.418552,3.736840,3.475055,3.504576,3.919545,3.459117,3.903760,3.555082,3.822049,3.457198,3.439171,3.473139,3.449641
A:34--B:21,7.115805,,3.508209,3.461724,3.460523,3.525457,3.477477,3.549824,3.471123,3.503260,3.752995,3.483231,3.481888,3.846325,3.489003,4.064794,3.596958,3.649407,3.579940,3.429150,3.532325,3.496381
A:35--A:36,6.100000,6.100000,1.338001,1.337766,1.336815,1.338727,1.337239,1.339507,1.336270,1.337969,1.335051,1.340999,1.337436,1.335693,1.336930,1.338610,1.336279,1.335616,1.336757,1.337433,1.338331,1.339907
A:35--A:37,6.890001,6.890001,3.422381,3.389614,3.393878,3.391829,3.425383,3.385384,3.369422,3.376485,3.375127,3.366139,3.379387,3.375602,3.386218,3.405445,3.381129,3.401838,3.416985,3.369047,3.369143,3.371891
A:35--A:38,6.710000,6.710000,3.267412,3.336876,3.240811,3.320467,3.344970,3.349414,3.371851,3.360589,3.392046,3.270189,3.276749,3.343424,3.273654,3.354855,3.255151,3.264083,3.283063,3.324584,3.328422,3.190284
A:35--A:39,6.620000,6.620000,3.122344,3.137900,3.076927,3.155734,3.016993,3.184358,3.198770,3.204424,3.105227,3.217759,3.140170,3.072619,3.070409,3.128784,3.088875,3.026810,3.082561,3.167495,3.164288,3.148440
A:35--A:40,6.410000,6.410000,2.898202,2.907455,2.875427,2.882825,2.830214,2.942994,2.891131,2.902272,2.837201,2.913005,2.958113,2.857001,2.901074,2.910954,2.871001,2.839939,2.852249,2.913689,2.921569,2.944815
A:35--A:41,6.560001,6.820000,3.512254,3.544737,3.531858,3.353442,3.557359,3.556804,3.402230,3.536207,3.455598,3.468966,3.658350,3.588025,3.490872,3.563915,3.415124,3.547197,3.368244,3.526564,3.493117,3.536731
A:35--A:55,8.797116,,6.563859,6.515284,6.478256,6.599339,6.540426,6.526236,6.375934,6.642296,6.346787,6.670534,6.572764,6.405043,6.516549,6.650166,6.388658,6.413555,6.643468,6.644240,6.460874,6.493522
A:35--A:58,6.610017,,3.594407,3.532752,3.590782,3.538532,3.541212,3.581999,3.494803,3.583160,3.481501,3.649194,3.611350,3.533792,3.416058,3.560430,3.549062,3.561996,3.553136,3.649611,3.588998,3.522301
A:35--B:13,7.428048,,3.224874,3.374596,3.250039,3.707196,3.325335,3.349973,3.870927,3.544990,3.925004,4.301174,3.308292,3.365415,3.840693,3.329920,3.741728,3.271035,4.071731,3.638376,3.762529,3.287317
A:35--B:14,6.551364,,3.337958,3.436689,3.340536,4.460881,3.512070,3.367013,3.355701,3.975177,3.378360,4.399689,3.288256,3.349119,3.290941,3.925501,3.412271,3.329308,4.488911,3.356121,3.497812,3.816423
A:35--B:15,8.673051,,6.004414,6.005143,5.991060,6.601251,6.056267,5.965605,6.853025,6.051419,6.863558,6.506669,5.975917,5.959167,6.718256,5.983981,6.807052,5.992545,6.634129,6.116484,6.580928,5.870989
A:35--B:16,8.685060,,6.596626,6.520084,6.590322,6.674506,6.551059,6.542832,6.968833,6.583574,6.924209,6.605035,6.444742,6.547668,6.915497,6.381600,6.811780,6.537855,6.682368,6.664042,6.705000,6.450539
A:35--B:17,6.611411,,3.491000,3.477741,3.504463,3.380539,3.456197,3.484213,3.531125,3.505774,3.462861,3.353667,3.456835,3.463844,3.452841,3.322407,3.475058,3.477996,3.319664,3.401181,3.340701,3.683385
A:35--B:18,7.964498,,6.260064,6.275864,6.265624,5.941086,6.333893,6.267683,6.107855,6.519263,6.072406,5.828528,6.090403,6.357943,6.018626,6.011755,6.049978,6.295735,5.798423,6.640792,5.970363,6.092796
A:36--A:37,5.740000,5.740000,1.334292,1.336681,1.332583,1.337057,1.335192,1.337222,1.334569,1.337141,1.334801,1.337289,1.337398,1.337226,1.336544,1.337393,1.336238,1.334913,1.338044,1.337329,1.338986,1.338543
A:36--A:38,6.810001,6.810001,3.248332,3.275848,3.312936,3.352245,3.253251,3.299489,3.345409,3.337408,3.320064,3.358983,3.332497,3.251662,3.314229,3.199338,3.322859,3.287585,3.287415,3.323187,3.321621,3.259232
A:36--A:40,7.210000,7.570000,4.356289,4.337669,4.569143,4.486232,4.647910,4.317380,4.452004,4.368260,4.542073,4.396950,4.445417,4.507112,4.425204,4.221797,4.515819,4.523678,4.487074,4.387439,4.325673,4.177314
A:36--A:41,5.660000,6.130001,3.467505,3.444962,3.359885,3.557483,3.337639,3.456237,3.482765,3.461040,3.323483,3.619640,3.340163,3.300293,3.460818,3.389493,3.494637,3.344678,3.473479,3.482171,3.468535,3.468266
A:36--A:51,6.220001,,2.896859,2.868276,2.934854,3.318475,2.958046,2.887815,2.905340,2.896119,2.961125,3.401974,3.227050,2.950197,2.898556,2.857351,2.932874,2.955024,2.901848,2.874169,2.871044,2.857088
A:37--A:38,5.860000,5.860000,1.335131,1.338055,1.337113,1.336471,1.340071,1.337319,1.339087,1.338703,1.340965,1.336434,1.339441,1.339028,1.333616,1.336526,1.335592,1.339560,1.337041,1.337133,1.337790,1.338282
A:37--A:39,6.470000,6.470000,3.256118,3.320133,3.272659,3.209929,3.462678,3.314070,3.267929,3.259988,3.444436,3.191890,3.284032,3.472538,3.216349,3.412594,3.241843,3.343277,3.264254,3.273818,3.254326,3.191724
A:37--A:41,7.370000,,6.196711,6.256053,6.174861,6.098542,6.189933,6.251790,6.232783,6.183883,6.238729,6.124503,6.210483,6.261291,6.172073,6.211020,6.193024,6.192221,6.100372,6.241157,6.242370,6.227642
A:37--B:20,8.484873,,6.894933,6.775405,6.837670,6.916864,7.558642,6.404211,6.488523,6.656131,6.680986,6.914444,6.686558,6.963973,6.888993,6.284566,6.959688,6.784319,6.956056,6.695741,6.731243,6.255449
A:38--A:39,5.500000,5.500000,1.338340,1.339369,1.337246,1.339748,1.337742,1.338107,1.336345,1.336753,1.337947,1.337916,1.336279,1.337590,1.338760,1.338261,1.339069,1.338552,1.339834,1.337282,1.335960,1.336561
A:38--B:13,5.866830,,3.748694,4.155660,3.760823,3.843675,3.632227,4.075297,4.308021,3.791700,4.290629,3.617720,3.590909,3.954275,3.915116,3.749658,3.999626,3.763301,3.684323,3.782645,3.627162,3.667333
A:39--A:40,5.500000,5.500000,1.336399,1.336187,1.334654,1.334547,1.335358,1.334005,1.337226,1.334059,1.334015,1.338727,1.337288,1.336655,1.337549,1.332652,1.336379,1.335186,1.335196,1.334255,1.336103,1.335111
A:39--A:41,6.630000,6.630000,3.478794,3.338872,3.445350,3.416824,3.388030,3.351242,3.352441,3.365074,3.318241,3.367731,3.328660,3.281205,3.489730,3.286372,3.450156,3.373346,3.407130,3.378239,3.318393,3.377062
A:39--A:42,6.119027,6.310001,3.212077,3.197593,3.205961,3.198655,3.169817,3.214182,3.155675,3.176069,3.138716,3.181326,3.135463,3.146049,3.243712,3.201477,3.208854,3.163279,3.230737,3.203404,3.201782,3.221861
A:39--B:13,7.055758,,3.868609,4.002107,3.929735,3.868866,3.950073,3.942330,4.036202,3.979770,4.075393,4.063881,4.021907,4.047140,4.239158,3.902711,3.888683,3.985552,3.579384,4.002364,4.001244,3.874374
A:40--A:41,6.480000,6.480000,1.335981,1.335964,1.334485,1.336681,1.337186,1.335840,1.336746,1.334989,1.336314,1.334674,1.335830,1.334536,1.335628,1.333741,1.338407,1.333757,1.333534,1.337411,1.335719,1.335022
A:40--A:42,6.690000,6.690000,3.162117,3.233727,3.164178,3.205665,3.168802,3.236016,3.214773,3.221664,3.227601,3.236791,3.216829,3.243249,3.131636,3.287966,3.191567,3.214817,3.222607,3.209868,3.273233,3.256244
A:40--A:54,7.170000,,2.634010,2.790922,2.645668,2.842847,2.829013,2.646699,2.817166,2.721392,2.656322,2.732985,2.641526,2.662325,2.791902,2.848708,2.678819,2.669941,2.688404,2.657968,2.814119,2.858453
A:40--A:58,8.112582,,3.272316,3.279173,3.344184,3.260950,3.538081,3.226677,3.349362,3.212629,3.343013,3.236715,3.286567,3.340010,3.509244,3.273172,3.232881,3.343628,3.074212,3.327172,3.425428,3.240605
A:40--B:10,7.307954,,3.365052,3.230777,3.358686,3.289721,3.172974,3.268681,3.404088,3.220342,3.423684,3.316601,3.242998,3.253021,3.273761,3.231592,3.387208,3.418489,3.182565,3.318031,3.270689,3.309937
A:40--B:13,6.359214,7.740000,3.376489,3.437817,3.445967,3.362072,3.445516,3.392586,3.440716,3.317232,3.492425,3.361829,3.443017,3.473065,3.710319,3.396338,3.363786,3.450512,3.028564,3.349866,3.394158,3.337455
A:40--B:14,7.740000,7.740000,3.388065,3.064616,3.397746,3.395267,3.020628,3.408057,3.417285,3.377219,3.420431,3.408004,3.409931,3.411098,3.112767,3.371605,3.418999,3.393442,3.503579,3.397192,3.436403,3.386156
A:41--A:42,5.440000,5.440000,1.335690,1.336599,1.337928,1.335701,1.337202,1.337413,1.336873,1.336991,1.335638,1.335197,1.335125,1.336625,1.337055,1.335469,1.337144,1.336703,1.335413,1.335622,1.333009,1.336170
A:41--A:44,6.455289,7.690000,2.919346,2.883024,2.937205,2.910071,2.931425,2.875505,2.890902,2.900467,3.027327,2.912101,2.907522,2.934796,2.890054,2.870415,2.904579,2.917920,2.910193,2.875994,2.880203,2.900210
A:41--A:51,6.160000,6.920000,3.101965,3.102032,3.159094,3.165260,3.148620,3.074157,3.111857,3.102653,3.151692,3.089638,3.084756,3.138536,3.092348,3.078367,3.114732,3.166419,3.063775,3.130871,3.107167,3.107199
A:41--A:52,7.740000,,5.760254,5.785961,5.712418,5.519212,5.750684,5.719353,5.749599,5.741290,5.732550,5.508008,5.736961,5.723374,5.764969,5.776486,5.713556,5.694910,5.749118,5.768400,5.772532,5.730045
A:41--A:53,7.700000,,6.288501,6.334166,6.269080,6.250923,6.348612,6.355012,6.380309,6.300096,6.349411,6.136151,6.309514,6.346766,6.409654,6.366828,6.333552,6.338011,6.362788,6.325756,6.411626,6.302098
A:41--A:54,6.300000,6.300000,3.583826,3.499734,3.592350,3.519364,3.592059,3.522426,3.521776,3.536392,3.618030,3.532269,3.563294,3.532582,3.572068,3.502954,3.546615,3.550886,3.530657,3.518123,3.512563,3.556436
A:41--A:55,5.960000,6.360000,3.547029,3.528603,3.552291,3.561198,3.526142,3.566755,3.591001,3.555550,3.609384,3.563111,3.538026,3.578945,3.569737,3.613351,3.564902,3.559295,3.576373,3.548895,3.600127,3.588420
A:41--A:56,7.220000,,6.091202,6.054155,6.073242,6.146234,6.018632,6.102832,6.133955,6.083881,6.122799,6.157985,6.054168,6.073562,6.039466,6.128978,6.113100,6.073185,6.099985,6.076698,6.119464,6.167374
A:41--A:58,7.310001,,4.465879,4.424962,4.491067,4.336424,4.415238,4.463831,4.502261,4.375949,4.562155,4.344554,4.476831,4.524942,4.384094,4.383781,4.470010,4.491018,4.323412,4.465711,4.501248,4.436142
A:41--B:10,7.848376,,5.351860,5.290872,5.374119,5.277206,5.304450,5.291901,5.439655,5.244429,5.481899,5.335300,5.299160,5.330588,6.190114,5.276782,5.397243,5.493917,5.222823,5.341314,5.330533,5.305297
A:41--B:13,8.576976,,5.933721,5.965461,5.963082,5.939666,5.998336,5.978053,5.918127,5.821698,5.889103,5.828951,5.982809,5.977953,6.112589,5.964101,5.922100,5.929698,5.665884,5.813269,5.926225,5.884298
A:41--B:14,8.208657,,6.367870,6.412572,6.386811,7.696579,6.421570,6.422643,6.462698,7.722254,6.544536,7.644040,6.409816,6.473000,6.508205,7.720543,6.494881,6.426348,7.689043,6.441211,6.561697,7.725728
A:42--A:43,5.680000,5.680000,1.335948,1.335468,1.333766,1.335010,1.333957,1.335200,1.335109,1.336571,1.335784,1.334684,1.333862,1.334792,1.335844,1.336406,1.337692,1.334090,1.337240,1.336611,1.335012,1.336436
A:42--A:44,6.330000,6.330000,3.206123,3.239160,3.222308,3.254210,3.230138,3.243277,3.224165,3.243996,3.150353,3.275517,3.253856,3.241138,3.235655,3.274397,3.233693,3.233260,3.251435,3.259098,3.248512,3.239725
A:42--A:54,7.120000,7.120000,2.867723,2.884104,2.841532,2.854181,2.839178,2.851256,2.843393,2.835676,2.887467,2.841615,2.828726,2.820199,2.866033,2.902944,2.856597,2.843482,2.875188,2.868349,2.898492,2.892345
A:42--B:13,8.757116,,7.319353,7.382475,7.320000,7.330257,7.354766,7.370671,7.355260,7.319912,7.307766,7.384406,7.373457,7.366688,7.580726,7.336891,7.334410,7.329165,7.091042,7.326941,7.375686,7.309507
A:43--A:44,5.380001,5.520000,1.338933,1.336268,1.337471,1.338219,1.336300,1.337295,1.336312,1.337151,1.336497,1.339682,1.336131,1.336236,1.338117,1.337492,1.336792,1.335393,1.336390,1.337243,1.337332,1.338311
A:43--A:50,7.740000,,3.977518,3.930045,4.043548,4.090464,4.047707,3.910149,3.981446,3.978770,3.808257,4.198254,4.045879,4.049764,3.945942,3.889896,4.011862,4.058071,3.918858,3.887691,3.712654,4.007889
A:44--A:45,6.042999,6.880000,1.333540,1.332506,1.337045,1.335972,1.335097,1.335513,1.335704,1.335451,1.335631,1.336484,1.333372,1.334943,1.334530,1.336384,1.335897,1.334399,1.334151,1.335501,1.334812,1.336309
A:44--A:46,8.625013,,3.936696,4.107549,3.833176,3.878186,3.918650,3.995750,4.001131,4.043574,3.991426,3.931138,3.957131,3.873854,4.124834,4.339798,3.955949,3.905599,4.052385,4.201753,4.182609,3.989175
A:44--A:48,8.264732,,5.241280,5.217713,5.255280,5.168595,5.195218,5.179876,5.216576,5.198602,5.235190,5.222946,5.200696,5.263793,5.222694,5.206427,5.247043,5.211896,5.192892,5.156537,5.255963,5.269256
A:44--A:50,6.227111,6.660000,3.520334,3.566532,3.500740,3.649577,3.568652,3.707248,3.568275,3.563654,3.582354,3.520404,3.553617,3.496586,3.579281,3.737040,3.502978,3.547121,3.721376,3.736552,3.596064,3.486283
A:44--A:51,5.950896,7.640001,3.671657,3.644717,3.664940,3.607535,3.637036,3.611318,3.654173,3.633455,3.639727,3.651939,3.638994,3.661205,3.646253,3.625136,3.669534,3.640951,3.625427,3.619763,3.632560,3.698621
A:44--A:52,8.348798,,6.088019,6.059116,6.083436,6.018806,6.053859,6.026043,6.063456,6.049467,6.058881,6.067546,6.052685,6.081896,6.062607,6.042945,6.089092,6.057228,6.042369,6.034619,6.045915,6.141530
A:44--A:53,8.312770,,7.256809,7.237058,7.256589,7.185196,7.218888,7.195286,7.228373,7.225212,7.257259,7.224307,7.204854,7.254568,7.263838,7.218679,7.253226,7.228055,7.220762,7.218656,7.246268,7.268497
A:44--A:54,6.371224,7.230000,3.739472,3.861543,3.730660,3.675928,3.744664,3.742843,3.752390,3.782283,3.694664,3.732715,3.783880,3.717139,3.832860,3.853589,3.723931,3.720295,3.781371,3.818694,3.836386,3.744386
A:45--A:46,4.950000,4.950000,1.333030,1.333884,1.336413,1.333605,1.332548,1.334025,1.333633,1.333443,1.334553,1.335611,1.335075,1.334574,1.335432,1.333862,1.332522,1.335151,1.334582,1.334311,1.335253,1.331485
A:45--A:48,6.150000,6.150000,2.812200,2.887327,2.788721,2.818565,2.824630,2.847128,2.841392,2.849757,2.813273,2.822104,2.841983,2.809746,2.881786,2.909642,2.825882,2.816418,2.860904,2.910317,2.901244,2.791824
A:45--A:50,6.570000,6.570000,3.381055,3.852855,3.190070,4.582939,3.673833,4.537045,3.639353,3.742258,4.081947,3.840620,3.753723,3.225850,3.878150,4.727986,3.334326,3.583717,4.605307,4.763706,4.497564,3.128469
A:45--A:51,6.600001,6.600001,2.990706,3.025714,3.022796,3.044163,3.033369,3.019012,3.008132,3.013398,3.062722,3.061679,3.037836,3.033073,3.018699,3.016064,3.007874,3.034992,3.038283,3.050966,2.991515,2.913222
A:46--A:47,5.010000,5.010000,1.336507,1.335024,1.336055,1.336984,1.337104,1.336688,1.335205,1.334973,1.336718,1.334515,1.336213,1.334599,1.335038,1.334739,1.338083,1.334035,1.337082,1.338787,1.337458,1.335836
A:46--A:48,5.920000,5.920000,3.332494,3.300352,3.352977,3.410113,3.352137,3.329893,3.314079,3.336300,3.350179,3.367257,3.362594,3.354128,3.284154,3.307705,3.298461,3.340956,3.330183,3.309711,3.294539,3.236142
A:46--A:51,5.650000,6.310001,3.815193,3.824144,3.724343,3.540392,3.731264,3.836308,3.820603,3.848003,3.702800,3.538616,3.742885,3.700665,3.813591,3.883333,3.819878,3.731081,3.846035,3.821105,3.862292,3.803208
A:46--A:55,8.220667,,7.479414,7.254627,7.353228,6.755424,7.259886,7.495334,7.510283,7.448604,7.256982,6.609198,7.228888,7.307616,7.203658,7.333040,7.504154,7.298282,7.472653,7.180917,7.264880,7.081255
A:47--A:48,5.540000,5.540000,1.337919,1.334567,1.337836,1.339864,1.337970,1.333246,1.336227,1.337793,1.336149,1.336876,1.335188,1.336186,1.336177,1.336149,1.335656,1.338275,1.336716,1.337455,1.334949,1.334974
A:47--A:51,5.610000,6.130001,3.528076,3.617683,3.509410,3.616629,3.541339,3.598194,3.504271,3.602997,3.571898,3.689567,3.568735,3.520302,3.593670,3.789978,3.557124,3.557647,3.637936,3.723730,3.718429,3.246088
A:47--A:52,5.740000,5.740000,3.289790,3.373853,3.277672,3.358316,3.361858,3.351690,3.267466,3.366689,3.341727,3.361340,3.416890,3.347515,3.348649,3.449643,3.305231,3.311349,3.388588,3.459294,3.392109,2.922452
A:47--A:55,7.772348,,6.592169,6.579841,6.617070,6.640182,6.621493,6.651836,6.603833,6.652926,6.674324,6.624294,6.634392,6.630636,6.577459,6.778539,6.679098,6.658686,6.696999,6.691236,6.698005,6.264853
A:48--A:49,5.120000,5.120000,1.332624,1.336274,1.333072,1.333951,1.333602,1.334698,1.336541,1.332466,1.330734,1.332895,1.333039,1.333102,1.332595,1.328983,1.332521,1.335079,1.333634,1.333334,1.333410,1.331009
A:48--A:50,5.810001,5.810001,2.799953,2.651640,2.874531,3.174933,2.690002,3.207332,2.723459,2.670254,3.214277,2.701949,2.693963,2.849883,2.685150,3.121695,2.787982,2.725973,3.189145,3.092710,2.819642,2.956750
A:48--A:51,5.670000,5.670000,3.170229,3.102373,3.195188,3.068949,3.110592,3.066665,3.091840,3.092651,3.197459,3.048327,3.120480,3.215935,3.122270,3.089864,3.181127,3.136862,3.060932,3.078704,3.028929,2.942380
A:48--A:52,6.390001,6.390001,2.739372,2.738691,2.719911,2.747630,2.751546,2.747422,2.734471,2.744348,2.736890,2.732944,2.742323,2.735317,2.741954,2.759434,2.748669,2.747700,2.750486,2.744214,2.769161,2.688566
A:49--A:50,5.640001,5.640001,1.338666,1.336207,1.336471,1.336497,1.336680,1.335607,1.336668,1.336219,1.335717,1.337674,1.339761,1.335434,1.337736,1.338221,1.336995,1.335334,1.334452,1.336005,1.333909,1.336807
A:49--A:51,6.450000,6.450000,3.400345,3.355162,3.410419,3.268366,3.323420,3.304728,3.339662,3.324052,3.433212,3.290675,3.322887,3.394787,3.342809,3.306093,3.389588,3.338308,3.307031,3.300972,3.326474,3.435604
A:49--A:52,5.730000,6.390001,4.001779,3.789329,4.051179,3.673607,3.721546,3.681321,3.753688,3.737974,3.970617,3.697235,3.731274,4.014898,3.784411,3.714333,4.015688,3.770225,3.720311,3.689815,3.704856,4.162651
A:49--A:53,7.170000,,3.535903,3.365007,3.509253,3.118678,3.231057,3.242955,3.316122,3.303547,3.383761,3.208256,3.250411,3.460217,3.339159,3.189279,3.515031,3.242568,3.271849,3.219604,3.216773,3.394513
A:50--A:51,5.630001,5.630001,1.334492,1.335616,1.335966,1.338749,1.335897,1.335101,1.334979,1.336924,1.333132,1.335137,1.333653,1.336836,1.337717,1.333546,1.333978,1.334351,1.333902,1.335006,1.336267,1.336605
A:50--A:52,6.610000,6.610000,3.453158,3.453113,3.475005,3.535037,3.470180,3.480473,3.450838,3.462278,3.428112,3.519851,3.473798,3.481444,3.476297,3.517912,3.473090,3.462407,3.494507,3.494223,3.478581,3.541872
A:50--A:53,5.120000,6.020000,3.327501,3.333149,3.314646,3.479791,3.345060,3.440736,3.335576,3.345816,3.254091,3.436645,3.347450,3.323569,3.377218,3.474884,3.350725,3.333351,3.477897,3.439821,3.422683,3.325411
A:50--A:54,7.230000,7.230000,3.398445,3.406434,3.340441,3.362547,3.336758,3.394106,3.386486,3.369779,3.274441,3.422761,3.348956,3.311880,3.347955,3.373017,3.406695,3.308645,3.376979,3.357554,3.364715,3.338803
A:51--A:52,5.450000,5.450000,1.333878,1.333216,1.334652,1.335885,1.335423,1.333746,1.332214,1.333555,1.334858,1.336683,1.335637,1.337341,1.333427,1.335056,1.333754,1.335280,1.335728,1.334189,1.334288,1.337782
A:51--A:53,6.360000,6.360000,3.076556,3.074892,3.066928,3.092478,3.075427,3.078677,3.077350,3.075234,3.078442,3.071044,3.066698,3.070931,3.075020,3.056358,3.066804,3.077684,3.079952,3.073905,3.082658,3.017314
A:51--A:54,6.130001,6.130001,3.095570,3.146439,3.087630,3.080076,3.145638,3.116761,3.136681,3.133952,3.153837,3.017682,3.097402,3.151063,3.147195,3.141424,3.097010,3.115677,3.102776,3.135924,3.147654,3.088613
A:51--A:55,5.710708,6.740000,2.807666,2.791740,2.812583,2.863693,2.788333,2.828254,2.829209,2.818008,2.811081,2.831310,2.798098,2.821778,2.811044,2.833056,2.835532,2.812641,2.828497,2.810861,2.803490,2.815725
A:52--A:53,5.290000,5.360000,1.336156,1.338239,1.337548,1.337894,1.333460,1.334589,1.337952,1.337305,1.335430,1.337815,1.338607,1.334807,1.336793,1.334801,1.336315,1.335244,1.337408,1.336331,1.336597,1.334392
A:52--A:54,6.880000,6.880000,3.341825,3.353635,3.347619,3.297051,3.366276,3.330932,3.343654,3.375104,3.381585,3.334443,3.345072,3.395020,3.355542,3.392738,3.319041,3.340895,3.328933,3.370020,3.354174,3.345973
A:52--A:55,5.720001,5.720001,3.364342,3.402560,3.311708,3.275900,3.379843,3.374017,3.399358,3.380836,3.343310,3.274659,3.356482,3.360412,3.410781,3.415917,3.349332,3.356726,3.378111,3.419495,3.405688,3.312820
A:52--A:56,6.190000,6.190000,3.052898,3.108252,2.995817,3.067802,3.091097,3.051543,3.083801,3.053155,3.016484,3.021909,3.037933,3.007887,3.129388,3.106990,3.072951,3.041959,3.101359,3.045711,3.024219,2.990956
A:53--A:54,5.270000,5.450000,1.336161,1.338819,1.336734,1.337680,1.336887,1.338204,1.339837,1.334342,1.339083,1.336202,1.338070,1.334204,1.337374,1.334134,1.336599,1.335416,1.337163,1.337766,1.336611,1.336776
A:53--A:55,6.190000,6.190000,3.401884,3.437165,3.342771,3.426297,3.404462,3.436035,3.448585,3.375842,3.343117,3.366336,3.399477,3.343237,3.441896,3.382861,3.445590,3.406284,3.439284,3.415627,3.450233,3.413188
A:53--A:56,5.820000,,3.292090,3.290777,3.236162,3.251297,3.334087,3.289451,3.291930,3.333984,3.276600,3.243601,3.316384,3.312849,3.336082,3.123170,3.306568,3.308211,3.327294,3.350384,3.362085,3.258127
A:54--A:55,5.680000,5.680000,1.334369,1.333245,1.333312,1.335662,1.334524,1.334686,1.331331,1.334405,1.330635,1.335512,1.331875,1.332436,1.333231,1.334703,1.335747,1.335484,1.331552,1.333211,1.335786,1.334453
A:54--A:56,6.660000,6.870000,3.409387,3.351729,3.423926,3.386797,3.350623,3.379736,3.348848,3.437406,3.424007,3.486392,3.413636,3.403323,3.333034,3.316207,3.375595,3.386915,3.389604,3.401021,3.352135,3.391124
A:54--A:57,5.360000,5.360000,3.193316,3.065949,3.227785,3.010237,3.025350,3.063776,2.986692,3.158436,3.195421,3.260870,3.201166,3.081754,2.985661,2.961550,3.070549,3.092846,3.078340,3.093759,2.985724,3.048566
A:54--A:58,7.130000,7.130000,2.851552,2.802802,2.824374,2.812160,2.826076,2.870824,2.840587,2.821050,2.828043,2.825832,2.821722,2.833337,2.891275,2.894433,2.892142,2.864032,2.856606,2.839072,2.811787,2.825398
A:54--B:10,6.995711,,4.328084,4.425417,4.269896,4.487458,4.310422,4.376769,4.373974,4.275996,4.117619,4.450244,4.278063,4.244121,4.480937,4.248763,4.350036,4.260171,4.389014,4.293330,4.274500,4.340279
A:55--A:56,5.360000,5.360000,1.332102,1.336800,1.334861,1.331556,1.334581,1.332687,1.332564,1.334428,1.336151,1.333041,1.335348,1.332151,1.337088,1.331785,1.333672,1.334773,1.334365,1.335325,1.335714,1.330778
A:55--A:57,6.680000,6.680000,3.154629,3.207024,3.169638,3.099238,3.208685,3.135455,3.141006,3.121787,3.183140,3.088729,3.179489,3.155449,3.164631,3.162065,3.126133,3.157491,3.118166,3.131802,3.144994,3.125721
A:55--A:58,5.910000,5.910000,3.042305,3.138381,3.109843,2.861828,3.153189,2.977910,3.006231,2.962243,3.099783,2.885019,3.114194,3.024265,3.088608,3.026040,2.955755,3.037137,2.938975,2.974421,3.004903,2.919287
A:55--A:59,7.412067,,3.069396,3.024025,3.093030,2.934105,3.136349,3.045182,3.057105,3.068757,3.115040,2.908493,3.091923,3.145291,3.074156,3.086743,3.056386,3.108265,2.990946,3.061747,3.080799,2.991087
A:55--B:14,10.172373,,6.532753,7.052742,6.557384,6.714372,7.235151,6.509995,6.545003,6.784662,6.586071,6.677638,6.549249,6.495023,7.054649,6.872573,6.564846,6.537096,6.797260,6.521507,6.598369,6.715474
A:56--A:57,5.580000,5.580000,1.338535,1.336948,1.337713,1.338146,1.339051,1.339741,1.339315,1.339502,1.338567,1.335714,1.338171,1.338814,1.336415,1.336565,1.337619,1.338108,1.342053,1.339893,1.337646,1.339187
A:56--A:58,6.500000,6.500000,3.310674,3.313605,3.306687,3.373796,3.328021,3.334729,3.333896,3.333964,3.279493,3.354938,3.310732,3.288632,3.362075,3.326606,3.332533,3.311088,3.356604,3.324429,3.339188,3.352420
A:56--A:59,5.700000,5.700000,3.512721,3.348679,3.425151,3.372219,3.301959,3.539759,3.223125,3.356213,3.440219,3.538427,3.324383,3.398086,3.301361,3.335956,3.522955,3.492786,3.139173,3.488781,3.331990,3.275466
A:57--A:58,5.420000,5.420000,1.334308,1.332535,1.335959,1.335746,1.335390,1.334774,1.334117,1.334821,1.337567,1.336058,1.336994,1.333176,1.335395,1.336102,1.335742,1.335816,1.333447,1.336116,1.335693,1.334371
A:57--A:59,6.390001,6.390001,3.345766,3.296434,3.318895,3.251701,3.260504,3.306267,3.298431,3.253450,3.345234,3.293934,3.295800,3.287649,3.274439,3.253191,3.295557,3.306742,3.275936,3.292840,3.277002,3.259679
A:57--A:60,5.140001,5.140001,3.327423,3.261745,3.277821,2.795221,3.206544,3.298620,3.238637,3.210376,3.317667,3.257445,3.265575,2.783854,2.806485,3.185529,3.283565,3.285248,3.253677,2.813160,2.817129,3.207265
A:57--B:14,8.805154,,3.926292,3.957231,3.952875,3.864334,3.846687,3.884030,3.894877,3.805716,3.892699,3.904651,3.905698,3.932528,3.979730,3.822394,3.824822,3.884300,3.735649,3.902272,3.951523,3.860789
A:58--A:59,5.660000,5.660000,1.336454,1.337651,1.336432,1.335918,1.336777,1.335094,1.338599,1.335355,1.335882,1.336634,1.336297,1.335190,1.337067,1.335782,1.338315,1.336528,1.335814,1.332694,1.336085,1.335722
A:58--A:60,6.650000,6.650000,3.136751,3.161075,3.145079,3.165657,3.191967,3.146891,3.122943,3.176126,3.120416,3.156400,3.161334,3.145252,3.157651,3.181839,3.152794,3.135344,3.146821,3.142027,3.135391,3.162411
A:58--A:61,6.270001,6.270001,3.139395,3.207027,3.149776,3.484549,3.254664,3.216684,3.192699,3.419324,3.152790,3.399275,3.202303,3.206298,3.199369,3.460556,3.274921,3.215307,3.447522,3.182083,3.247085,3.417228
A:58--A:62,6.730000,6.730000,3.119243,3.132620,3.094406,3.228910,3.089820,3.105459,3.157721,3.169228,3.098020,3.186763,3.093392,3.086209,3.071962,3.176100,3.146547,3.090907,3.212992,3.062523,3.123726,3.221655
A:58--B:14,6.563374,6.760000,3.287964,3.796421,3.285598,3.063249,3.861702,3.276956,3.295483,3.062105,3.307367,3.054814,3.277937,3.272090,3.754402,3.134918,3.326291,3.284764,3.039120,3.297481,3.323538,3.043529
A:59--A:60,5.720001,5.720001,1.334206,1.334896,1.334480,1.334186,1.335257,1.333096,1.333032,1.334072,1.335714,1.332798,1.335918,1.333943,1.336159,1.334432,1.334455,1.334686,1.333594,1.333171,1.332730,1.334299
A:59--A:62,5.990000,5.990000,3.082346,3.071080,3.132752,3.173055,3.091225,3.161407,3.170388,3.139501,3.154274,3.128272,3.168745,3.147386,3.148688,3.181498,3.140554,3.132466,3.190109,3.141577,3.153252,3.158912
A:59--A:63,6.230000,7.000000,2.786187,2.777168,2.769451,2.781515,2.785720,2.766178,2.760794,2.765050,2.773675,2.773808,2.793364,2.774506,2.788191,2.841327,2.773436,2.836813,2.780984,2.788246,2.778405,2.757427
A:59--B:14,8.108610,,5.381301,5.845475,5.394777,4.955485,5.938286,5.361513,5.347666,4.944698,5.375837,4.945566,5.365885,5.344787,5.952561,5.001442,5.410693,5.366611,4.940782,5.403597,5.408473,4.927490
A:60--A:61,5.380001,5.380001,1.335780,1.336296,1.336122,1.336040,1.338652,1.337194,1.335897,1.334667,1.336516,1.335923,1.336822,1.335905,1.335084,1.335189,1.335626,1.334657,1.333576,1.339045,1.336568,1.335617
A:60--A:62,6.550000,6.550000,3.382559,3.386847,3.400949,3.407872,3.386597,3.402120,3.403268,3.368269,3.394759,3.381830,3.420845,3.395010,3.403066,3.404402,3.399951,3.395845,3.382769,3.382578,3.404219,3.389110
A:60--A:63,6.760000,6.920000,3.875667,3.838805,3.903808,3.827593,3.809966,3.902540,3.913261,3.728902,3.905490,3.745889,3.882862,3.877768,3.877968,3.637798,3.872233,3.865939,3.827976,3.855282,3.878775,3.747171
A:60--B:14,8.805154,,6.581378,6.586130,6.590314,5.536510,6.535382,6.518152,6.458226,5.598936,6.515488,5.571326,6.526530,6.541751,6.603671,5.606977,6.437112,6.513838,5.497059,6.551743,6.553441,5.559373
A:61--A:62,5.590000,5.590000,1.331673,1.332815,1.333313,1.334099,1.333717,1.329973,1.332887,1.333907,1.331103,1.336426,1.331581,1.331591,1.331696,1.334032,1.331785,1.331962,1.333775,1.329014,1.332021,1.333828
A:61--A:63,6.500000,6.500000,3.256959,3.234662,3.240870,3.203526,3.205983,3.250706,3.263931,3.190645,3.254619,3.195694,3.234461,3.231897,3.250974,3.210428,3.248171,3.249806,3.220341,3.259080,3.228333,3.197798
A:61--A:64,5.650000,5.650000,2.887285,2.891569,2.876512,2.881053,2.833657,2.913319,2.830112,2.840814,2.899034,2.847803,2.927430,2.848076,2.863445,2.894058,2.904775,2.971191,2.895300,2.842144,2.863328,2.845645
A:61--B:11,6.840000,,4.696763,3.665780,4.751836,4.781969,4.963737,4.811799,2.866905,4.724415,4.743161,4.729526,4.792682,4.710450,4.886106,4.908612,4.738511,2.888542,4.934805,4.658126,4.809794,4.794572
A:61--B:12,7.740000,,6.721665,6.981169,6.806290,6.940803,7.097366,6.910255,6.596168,6.869335,6.793071,6.887991,6.871845,6.792705,7.075228,7.090291,6.838649,6.583559,7.120453,6.777264,6.936389,6.928907
A:61--B:14,6.227111,7.740000,3.552784,3.551347,3.531072,3.302976,3.629174,3.566478,3.517707,3.285895,3.522151,3.313526,3.557664,3.526638,3.685784,3.263215,3.512735,3.544799,3.308255,3.524025,3.578658,3.285864
A:61--B:15,7.270001,7.700000,2.919957,3.260328,3.119482,5.293258,3.221916,3.127747,5.164946,3.029259,3.092541,2.984136,3.077569,3.075169,3.182739,2.992308,3.009410,5.163384,5.118625,3.085234,3.005996,3.120287
A:61--B:18,6.167064,,3.265823,3.348291,3.298427,3.333600,3.242150,3.324897,3.324765,3.281028,3.403707,3.294616,3.340087,3.373655,3.290492,3.413779,3.273081,3.448547,3.386341,3.311505,3.334034,3.346412
A:62--A:63,5.690000,5.690000,1.336690,1.334422,1.334796,1.335325,1.336164,1.334893,1.335461,1.333918,1.335725,1.339627,1.335034,1.334501,1.335263,1.332799,1.334783,1.334938,1.338397,1.335782,1.334714,1.337721
A:62--A:64,6.540000,6.540000,3.091657,3.112435,3.116271,3.108205,3.111304,3.091278,3.051656,3.123773,3.099638,3.132637,3.102194,3.096990,3.066739,3.081381,3.095276,3.096379,3.102869,3.057956,3.095497,3.102120
A:62--A:65,5.940000,6.330000,3.029380,3.015590,3.016084,3.025737,3.030713,3.006035,2.982516,3.016469,3.024573,2.999436,2.983548,3.032815,3.022350,3.073417,3.006289,2.997455,3.060724,2.983555,3.050616,3.042706
A:62--A:66,6.130001,7.430001,3.023310,3.013558,3.034962,2.998563,2.965505,3.080342,2.982656,3.007183,2.990724,3.066353,3.124666,2.970153,3.001393,3.034647,3.006159,2.984622,3.002280,3.016444,2.994736,3.011575
A:62--B:14,7.520151,,6.017093,6.022841,6.020551,4.626460,6.131857,5.916628,5.957736,4.659683,5.889453,4.644932,5.951194,5.909064,6.468769,4.677641,5.977230,5.880490,4.624419,5.930369,5.931100,4.665812
A:62--B:18,6.431270,,4.035792,4.063315,3.991444,3.864240,3.996749,3.994862,4.033542,3.881529,4.127265,3.924008,4.035751,4.081026,4.042316,4.048500,3.930101,4.095478,3.996301,4.081446,4.075572,3.909674
A:62--B:21,7.550000,,5.558844,5.539674,5.664672,5.683150,5.552425,5.868488,5.604467,5.655405,5.766832,5.454701,5.730997,5.737777,5.540812,5.990391,5.602937,5.788827,5.717273,5.535341,5.590800,5.695976
A:63--A:64,5.500000,5.500000,1.335063,1.338450,1.335282,1.337118,1.336489,1.336786,1.334829,1.338921,1.336352,1.338504,1.338450,1.336863,1.337452,1.337153,1.337459,1.338267,1.335512,1.337767,1.336289,1.335604
A:63--A:65,6.450000,6.450000,3.149401,3.164605,3.182789,3.172231,3.155178,3.205633,3.186794,3.131210,3.201895,3.137632,3.198127,3.150467,3.233217,3.284195,3.146122,3.182864,3.192442,3.205265,3.228793,3.216094
A:63--A:66,6.410000,6.410000,3.152384,3.165100,3.250824,3.080674,3.165458,3.167294,3.358733,3.082688,3.178976,3.113392,3.207265,3.194455,3.252366,3.277606,3.121408,3.192512,3.116918,3.197129,3.218950,3.205194
A:63--A:67,6.980000,6.980000,2.917627,2.942317,2.893303,3.251457,3.102891,2.918161,3.189238,2.902502,2.900184,2.936572,2.904955,2.998046,2.830724,3.025175,3.191738,3.213276,3.136398,3.079545,2.860195,2.854615
A:64--A:65,5.390001,5.390001,1.339408,1.339832,1.337842,1.339585,1.338664,1.339741,1.339495,1.338268,1.338386,1.340930,1.338349,1.338883,1.339359,1.340334,1.336109,1.337248,1.339939,1.339902,1.338497,1.338901
A:64--A:66,6.520001,6.520001,3.259105,3.240085,3.254096,3.232361,3.267958,3.231030,3.477675,3.253177,3.217767,3.236901,3.259641,3.328598,3.210877,3.190469,3.307737,3.286431,3.235066,3.294321,3.195887,3.195588
A:64--A:67,5.900000,5.900000,3.743329,3.855895,3.604512,3.735430,3.870796,3.372127,2.890873,3.855868,3.662166,3.807248,3.023689,2.994614,3.468648,3.331339,2.891811,3.001190,3.604261,3.000872,3.579851,3.516890
A:65--A:66,5.430000,5.430000,1.337693,1.335546,1.337438,1.335238,1.335820,1.336217,1.338394,1.337622,1.337236,1.338588,1.338848,1.337213,1.337558,1.339995,1.341101,1.336728,1.340529,1.338613,1.337611,1.338671
A:65--A:67,6.400000,6.400000,3.702472,3.701683,3.673820,3.565478,3.678246,3.546771,3.689700,3.704793,3.649110,3.706898,3.607999,3.773293,3.681695,3.538705,3.686206,3.683404,3.588512,3.552301,3.661671,3.664014
A:65--B:18,7.079776,7.330000,3.956390,3.922038,3.979186,3.970878,3.999723,3.930234,3.934214,4.069145,3.713868,4.046049,3.916141,3.850323,3.919642,3.861226,3.972987,3.744487,3.875821,3.973288,3.852500,4.025802
A:65--B:21,7.110000,7.110000,3.251776,3.274292,3.286593,3.264968,3.272736,3.260903,3.264477,3.320240,3.501652,3.372712,3.273995,3.501643,3.262251,3.368280,3.271537,3.387873,3.218535,3.282319,3.351602,3.249967
A:66--A:67,5.270000,5.270000,1.336651,1.335908,1.335667,1.338042,1.336409,1.336347,1.336172,1.338251,1.335588,1.336666,1.338561,1.338569,1.337765,1.335681,1.338727,1.337051,1.334931,1.334746,1.337426,1.337398
A:66--B:18,8.288751,,7.007746,6.982043,7.029345,6.986260,7.038296,6.927386,7.010660,7.092115,6.797744,7.082581,6.943086,6.907096,6.969837,6.914908,6.959554,6.800165,6.954088,6.975242,6.924545,7.081314
A:67--A:68,4.950000,7.080000,1.340280,1.340850,1.338606,1.339004,1.342026,1.341544,1.338895,1.341525,1.340687,1.338841,1.341908,1.337984,1.338198,1.339315,1.339068,1.338528,1.339497,1.340329,1.343055,1.338775
A:67--A:70,6.740000,,2.874966,4.049340,3.649570,2.820690,3.924035,3.425558,3.826017,3.274210,3.685675,2.851122,2.803006,2.940300,3.596257,3.329594,3.350203,3.441792,3.807282,2.838219,3.571158,3.632023
A:68--A:69,5.360000,,1.338749,1.338180,1.339155,1.336962,1.337214,1.338259,1.337413,1.336893,1.336662,1.339831,1.338056,1.336537,1.337651,1.337909,1.335777,1.339984,1.336255,1.338284,1.336185,1.337024
A:68--A:70,7.550000,7.550000,3.956943,3.776303,3.305730,3.429915,3.951760,3.674494,4.057486,3.923438,3.524599,3.969940,3.824001,3.790892,3.894737,3.615178,3.681796,3.342095,4.068935,4.020123,3.605495,3.666496
A:69--A:70,5.270000,5.270000,1.337162,1.338328,1.335418,1.335385,1.336853,1.336167,1.338999,1.339437,1.337308,1.336870,1.337570,1.333681,1.337851,1.337694,1.334212,1.333784,1.335578,1.336483,1.336724,1.338053
B:3--B:4,5.340000,5.340000,1.340521,1.339336,1.340486,1.338795,1.341574,1.342184,1.339602,1.340331,1.340844,1.340291,1.340216,1.341848,1.341699,1.340145,1.341899,1.341531,1.341348,1.340921,1.340946,1.339369
B:4--B:5,5.270000,5.270000,1.336804,1.337503,1.335286,1.332835,1.335032,1.338661,1.335318,1.336819,1.337032,1.338706,1.336445,1.334661,1.335929,1.334848,1.334263,1.337190,1.334260,1.338187,1.332203,1.335138
B:4--B:6,7.220000,7.220000,4.404421,4.296005,4.413681,4.397214,4.267484,4.267717,4.396494,4.270918,4.213647,4.280496,4.240399,4.397064,4.239638,4.267225,4.346293,4.402312,4.394540,4.293955,4.403943,4.232538
B:4--B:8,6.947673,7.590000,3.468033,3.515650,3.567995,3.465220,3.474290,3.510164,3.509120,3.595890,3.435789,3.614911,3.556483,3.466060,3.525324,3.502970,3.571970,3.526951,3.499826,3.479113,3.437078,3.498051
B:4--B:9,6.330000,6.620000,3.479966,3.424065,3.418005,3.471977,3.348890,3.434372,3.477165,3.424967,3.463870,3.389852,3.382956,3.509821,3.452168,3.450687,3.404809,3.490064,3.501069,3.447540,3.507015,3.438007
B:5--B:6,5.800001,5.800001,1.340051,1.339467,1.335285,1.337777,1.337768,1.338954,1.338389,1.337092,1.337627,1.340383,1.341591,1.337962,1.338894,1.338712,1.337880,1.337072,1.337899,1.338852,1.336825,1.337220
B:5--B:8,6.779542,,3.969804,3.923860,3.239794,3.983896,3.953729,3.953014,3.941452,3.181282,3.910331,3.827971,3.973672,3.945826,3.887366,3.967547,3.178653,3.960444,3.955334,3.937807,3.947463,3.940454
B:5--B:9,6.500000,6.500000,4.095525,4.282482,4.363911,4.027670,4.653071,4.577919,3.817944,4.536746,4.784704,3.130359,4.744025,3.928492,4.794556,4.642347,3.162768,3.759342,3.926869,4.568108,3.906790,4.718872
B:6--B:7,5.540000,5.540000,1.338792,1.337034,1.337082,1.336057,1.337225,1.338935,1.334839,1.336059,1.337076,1.337357,1.336900,1.337114,1.336650,1.337265,1.338428,1.336324,1.335151,1.339759,1.336840,1.336446
B:6--B:8,6.290000,6.290000,3.413975,3.372939,3.366202,3.440234,3.505658,3.380211,3.418242,3.353557,3.309088,3.368392,3.389359,3.431085,3.310158,3.388635,3.327351,3.412203,3.452369,3.378610,3.433797,3.384157
B:6--B:10,8.845154,,4.551380,4.152595,4.565149,4.557816,4.957410,4.438400,3.948495,4.650077,4.000582,4.745745,4.677529,4.522989,3.504586,4.624287,4.690163,3.905754,4.295911,4.593202,4.549660,4.558103
B:7--B:8,5.590000,5.590000,1.334600,1.336173,1.334945,1.336557,1.337068,1.335307,1.333552,1.336954,1.335397,1.334218,1.335524,1.336215,1.334054,1.335398,1.334753,1.334568,1.335665,1.336111,1.334916,1.335475
B:7--B:9,6.300000,6.300000,3.102450,3.163023,3.093894,3.091263,3.086949,3.107293,3.157295,3.082266,3.076330,3.070668,3.073073,3.100745,3.044908,3.070042,3.070734,3.179145,3.117985,3.103739,3.082337,3.092127
B:7--B:10,6.110000,6.110000,3.124989,3.177120,3.103733,3.103397,2.968187,3.101328,3.160336,3.073998,3.026925,3.063479,3.088835,3.117886,2.975277,3.084326,3.123611,3.194564,3.055441,3.129512,3.128333,3.112780
B:8--B:9,5.740000,5.740000,1.336326,1.336033,1.337339,1.338724,1.337348,1.337251,1.335606,1.338001,1.337007,1.336987,1.336589,1.338712,1.336193,1.336337,1.337001,1.334879,1.337067,1.337323,1.338869,1.338029
B:8--B:10,6.570000,6.570000,3.323981,3.348371,3.334430,3.309672,3.417833,3.348563,3.349154,3.321495,3.412125,3.254955,3.310965,3.322675,3.390635,3.323955,3.243943,3.338597,3.325446,3.306038,3.313082,3.334140
B:8--B:11,5.560001,6.170000,3.387015,3.509179,3.406065,3.338335,3.762195,3.491173,3.507668,3.385876,3.782048,3.282123,3.343847,3.369007,3.752706,3.394872,3.245108,3.481833,3.451697,3.366353,3.370769,3.396555
B:9--B:10,5.370000,5.370000,1.337854,1.337855,1.337999,1.337162,1.337778,1.337385,1.335894,1.336253,1.335115,1.337140,1.339234,1.336637,1.340017,1.334916,1.337349,1.337318,1.339118,1.337572,1.335393,1.337330
B:9--B:11,7.060001,7.060001,3.326667,3.332491,3.324482,3.334529,3.391823,3.332296,3.338068,3.344003,3.323829,3.389672,3.317879,3.319804,3.361065,3.328126,3.344373,3.334058,3.393706,3.353736,3.332483,3.307752
B:9--B:12,6.155055,6.180000,3.308753,3.310494,3.314625,3.355443,3.470248,3.309625,3.340026,3.336057,3.322199,3.450570,3.276423,3.286354,3.209975,3.255689,3.353373,3.340878,3.347726,3.372042,3.314039,3.262951
B:9--B:13,6.700000,6.700000,2.967052,2.973023,2.959316,2.943867,3.197956,2.971454,2.902781,2.927335,3.008421,3.012649,2.930512,2.920149,3.170355,2.939895,2.975972,2.946935,3.146686,2.920012,2.923684,2.987982
B:10--B:11,5.640001,7.240000,1.336133,1.336905,1.336301,1.335178,1.335632,1.335157,1.339371,1.337760,1.334082,1.336963,1.334462,1.334647,1.334061,1.337727,1.336638,1.336418,1.335869,1.337567,1.338242,1.336384
B:10--B:12,6.590000,6.590000,3.304284,3.271399,3.316206,3.279605,3.212102,3.292049,3.297154,3.258960,3.309298,3.252047,3.293768,3.290361,3.206802,3.222978,3.302448,3.301107,3.145115,3.291857,3.294757,3.263994
B:10--B:13,5.910000,5.910000,3.219155,3.057877,3.242080,3.276823,3.118643,3.230351,3.274432,3.274515,3.193844,3.224639,3.217845,3.216379,3.420448,3.183796,3.274778,3.197338,3.248735,3.303043,3.257015,3.201561
B:11--B:12,5.330000,5.330000,1.337522,1.335185,1.337938,1.337754,1.335690,1.336486,1.338917,1.336011,1.335219,1.335234,1.334171,1.336241,1.338374,1.336367,1.337670,1.337629,1.333780,1.337839,1.335727,1.337410
B:11--B:13,6.790000,6.790000,3.338297,3.267003,3.338765,3.461264,3.363828,3.369734,3.405690,3.448283,3.328181,3.460538,3.357729,3.368111,3.456579,3.455865,3.414926,3.342567,3.548504,3.412055,3.408675,3.402821
B:11--B:14,6.160000,6.160000,3.490597,3.442945,3.478173,3.436602,3.506491,3.525720,3.530702,3.386929,3.447934,3.436793,3.505469,3.535122,3.622000,3.380580,3.554840,3.477993,3.343851,3.585714,3.572174,3.386516
B:12--B:13,5.510000,5.510000,1.334804,1.337699,1.334569,1.335608,1.338141,1.335414,1.335330,1.334404,1.334495,1.333829,1.336856,1.336998,1.338664,1.333562,1.334373,1.336086,1.340427,1.331596,1.336345,1.335271
B:12--B:14,6.600001,6.600001,3.295401,3.335640,3.289013,3.255173,3.293563,3.258172,3.268127,3.209639,3.296209,3.190196,3.259350,3.285285,3.326035,3.223977,3.214159,3.310111,3.166267,3.217042,3.241804,3.271426
B:12--B:15,6.450000,6.460000,3.316832,3.349831,3.310270,3.146432,3.264153,3.291918,3.206118,3.111252,3.242900,3.113683,3.271027,3.312102,3.326733,3.194535,3.157965,3.310132,3.228026,3.120819,3.167814,3.209634
B:12--B:16,7.610000,,3.048341,3.029999,3.032637,3.026788,3.019107,3.032715,3.061057,3.038165,3.007689,2.987963,2.901597,2.988080,3.363966,2.915300,3.003184,2.975155,2.860111,3.037453,2.908123,3.005397
B:13--B:14,5.480000,5.480000,1.335979,1.336198,1.335628,1.335565,1.337673,1.336370,1.335131,1.335906,1.334836,1.334112,1.334197,1.337821,1.337234,1.336451,1.335978,1.334477,1.331239,1.336015,1.335805,1.335028
B:13--B:15,7.170000,7.170000,3.369083,3.324674,3.366369,3.290776,3.327319,3.374702,3.349480,3.360081,3.329935,3.350160,3.397297,3.364604,3.276594,3.347584,3.385001,3.339346,3.318472,3.424281,3.377494,3.292501
B:13--B:16,5.580000,6.270001,3.185644,3.165063,3.197929,3.111568,3.147543,3.176231,3.111464,3.329037,3.079391,3.359906,3.260640,3.116781,2.988996,3.247344,3.108267,3.130797,3.313721,3.370332,3.193149,3.135115
B:13--B:17,7.315992,7.700000,3.029628,3.056821,3.053298,3.034595,3.045266,3.024974,3.000947,3.102147,2.953891,3.055363,2.882252,3.002620,2.827532,2.797311,2.948139,2.979715,2.805670,3.115994,2.901036,3.050006
B:13--B:18,8.805154,,5.080912,5.047985,5.093635,5.044081,5.048480,5.077106,5.107819,5.126012,5.057136,5.026167,4.970166,5.098350,4.951594,4.806068,5.059124,5.068808,4.628999,5.216591,4.981056,5.014215
B:14--B:15,5.390001,5.390001,1.333234,1.333231,1.333522,1.335549,1.334743,1.335775,1.334231,1.334479,1.334401,1.334701,1.336737,1.333250,1.336871,1.336409,1.332938,1.333969,1.333781,1.337778,1.336442,1.335984
B:14--B:16,6.480000,6.480000,3.184401,3.211894,3.191570,3.300162,3.224725,3.197099,3.179080,3.291930,3.193513,3.328805,3.217811,3.169352,3.205015,3.326904,3.159775,3.170244,3.409719,3.192332,3.219718,3.296334
B:14--B:17,6.490000,6.490000,3.127555,3.165143,3.118309,3.350692,3.196754,3.129710,3.048984,3.351558,3.097277,3.415572,3.116602,3.111077,3.135907,3.337308,3.105309,3.094039,3.572612,3.097785,3.145468,3.360551
B:14--B:18,6.920000,6.920000,2.940729,2.926607,2.940466,3.148555,2.953617,2.945781,2.914233,3.170203,2.925384,3.164462,2.875888,2.996956,2.971754,2.993171,2.960437,2.921783,3.124699,3.002327,2.909824,3.081700
B:15--B:16,5.660000,5.660000,1.336908,1.334056,1.335908,1.335582,1.336312,1.336196,1.337830,1.334715,1.335491,1.332409,1.336795,1.336009,1.338028,1.335079,1.336240,1.337958,1.336138,1.334708,1.335150,1.335046
B:15--B:17,6.480000,6.480000,3.297021,3.259079,3.276281,3.222204,3.255873,3.251747,3.251140,3.224462,3.263932,3.202223,3.243326,3.260442,3.288810,3.203390,3.288390,3.280798,3.235319,3.242615,3.231036,3.228524
B:15--B:18,6.190000,6.190000,3.357332,3.326730,3.313925,3.161948,3.328855,3.264758,3.247540,3.151065,3.266476,3.128728,3.307136,3.362262,3.310212,3.223373,3.431138,3.337093,3.158313,3.228367,3.327135,3.211984
B:15--B:19,6.900000,,3.158262,3.180742,3.088148,2.766088,2.754913,2.771890,3.048471,2.773506,3.077472,2.765983,3.070033,3.239754,3.192899,2.965044,3.134982,3.209943,2.766670,3.129361,3.146653,2.763644
B:16--B:17,5.780000,5.780000,1.334929,1.337812,1.334618,1.335229,1.336071,1.335667,1.335327,1.337108,1.337900,1.335409,1.333646,1.334546,1.336253,1.334404,1.336813,1.335334,1.334438,1.334725,1.334660,1.334521
B:16--B:18,6.640001,6.640001,3.347578,3.426858,3.352831,3.355543,3.423154,3.373470,3.368350,3.350499,3.343969,3.418130,3.377621,3.424349,3.291336,3.373601,3.465304,3.363336,3.319791,3.362045,3.424785,3.393797
B:16--B:19,5.980000,,3.371996,3.503755,3.418007,3.452313,3.563394,3.505475,3.458889,3.546007,3.404252,3.606688,3.408572,2.999415,3.237316,3.383292,3.125073,3.020948,3.427312,3.397093,3.455589,3.586732
B:17--B:18,5.800001,5.800001,1.337871,1.335803,1.336837,1.336343,1.335882,1.334329,1.335378,1.339844,1.338121,1.339302,1.337900,1.335346,1.336254,1.337138,1.335873,1.337018,1.337036,1.337069,1.336586,1.338318
B:17--B:20,5.880001,5.880001,3.063683,3.040163,3.098529,3.143206,2.973621,3.040202,3.046262,3.226142,3.034218,3.079402,2.952932,3.041755,3.112097,3.117697,3.096835,3.180640,3.189009,3.082388,2.904776,3.193329
B:17--B:21,8.196648,,3.070196,3.163334,3.066460,3.085892,2.975159,2.966697,3.051831,3.159573,2.984155,3.288628,2.979460,3.022335,3.121880,3.061433,3.168499,3.125485,3.116354,3.097344,2.962553,3.160547
B:18--B:19,5.700000,5.700000,1.337227,1.334509,1.336286,1.335920,1.335521,1.334684,1.334473,1.334086,1.335623,1.335277,1.334002,1.335693,1.338697,1.336952,1.337138,1.338071,1.336545,1.334317,1.334450,1.335154
B:18--B:20,7.620000,7.620000,3.230713,3.303975,3.189080,3.232768,3.232929,3.213898,3.195598,3.162822,3.192046,3.220690,3.210929,3.168830,3.253198,3.211450,3.163080,3.163507,3.199987,3.252699,3.256478,3.177928
B:18--B:21,6.360000,6.360000,3.236491,3.296372,3.245213,3.357375,3.324756,3.305726,3.212852,3.234139,3.226769,3.222203,3.268618,3.305526,3.278524,3.301005,3.246815,3.213719,3.287285,3.251220,3.257798,3.259543
B:19--B:20,6.120000,7.060001,1.336785,1.336896,1.335452,1.335726,1.337471,1.337242,1.335348,1.336558,1.335355,1.338054,1.337356,1.337256,1.338079,1.337115,1.338685,1.334326,1.337227,1.335132,1.337889,1.336508
B:19--B:21,6.540000,6.540000,3.238927,3.212265,3.270491,3.248077,3.308646,3.243871,3.279749,3.274733,3.262214,3.239008,3.267787,3.311527,3.232849,3.249440,3.284359,3.230004,3.240849,3.258127,3.244552,3.266023
B:20--B:21,5.650000,5.650000,1.339488,1.338316,1.338111,1.338585,1.336432,1.337731,1.339108,1.339144,1.336552,1.336288,1.339963,1.337240,1.338353,1.339010,1.337965,1.338555,1.337055,1.338434,1.338609,1.336881
B:20--B:22,6.820000,6.820000,3.153585,3.149937,3.173902,3.222585,3.190197,3.271440,3.221285,3.167892,3.179134,3.170401,3.163211,3.284660,3.158805,3.248881,3.257717,3.145108,3.130319,3.180191,3.128173,3.171139
B:20--B:23,5.930000,5.930000,2.971075,2.965609,3.027196,3.058548,3.011448,3.116984,3.020857,3.057320,3.053810,3.004727,3.042569,3.124188,2.975344,3.067727,3.059804,3.031149,3.015748,3.015164,2.950831,2.996933
B:20--B:24,6.779542,,2.895279,2.865288,2.798566,2.818472,2.860366,2.836725,2.844492,2.799262,2.781865,2.870756,2.825988,2.829324,2.878215,2.800796,2.823924,2.794638,2.811142,2.890832,2.895136,2.847798
B:20--B:25,8.805154,,5.052875,5.072623,4.792364,5.000747,5.017837,4.964632,5.018613,4.729236,4.811815,5.037359,4.814728,4.978273,5.051945,4.966403,5.001285,4.812403,4.813839,5.033835,5.062448,5.048658
B:21--B:22,5.620000,5.620000,1.335635,1.336089,1.336024,1.334289,1.334668,1.335966,1.334085,1.334641,1.335665,1.335670,1.336428,1.333771,1.334919,1.335930,1.333435,1.338243,1.336611,1.336223,1.334809,1.334719
B:21--B:23,7.120000,7.120000,3.236700,3.248820,3.389785,3.326080,3.241310,3.320249,3.286235,3.429654,3.409660,3.258754,3.424141,3.316871,3.241669,3.313534,3.296932,3.424038,3.420966,3.237323,3.241107,3.307700
B:21--B:24,5.450000,6.180000,2.946031,2.949573,3.316235,3.164721,2.942399,3.190733,3.047553,3.442973,3.373475,3.007457,3.404374,3.188107,2.955789,3.134713,3.107271,3.389224,3.357574,2.936010,2.945028,3.101032
B:22--B:23,5.480000,5.480000,1.331204,1.332163,1.332774,1.331739,1.331288,1.333463,1.332301,1.333007,1.332792,1.331331,1.332059,1.329355,1.331502,1.332238,1.333863,1.331860,1.333322,1.333591,1.332034,1.332700
B:22--B:24,6.400000,6.400000,3.235968,3.235338,3.174877,3.181755,3.235948,3.176482,3.179461,3.160932,3.172690,3.234763,3.159071,3.177290,3.230157,3.169039,3.188193,3.172169,3.155050,3.235200,3.239958,3.191011
B:22--B:25,6.100000,6.340000,3.385441,3.394584,3.095551,3.151862,3.431387,3.146512,3.231251,3.071268,3.068376,3.422115,3.074199,3.184283,3.467392,3.181689,3.210639,3.081679,3.060867,3.411859,3.425155,3.211762
B:23--B:24,5.460000,5.460000,1.336434,1.335378,1.334760,1.335309,1.334702,1.336752,1.337033,1.335930,1.336025,1.337169,1.336232,1.336347,1.335988,1.335822,1.336318,1.335273,1.338043,1.336110,1.336695,1.336252
B:23--B:26,6.270001,6.270001,2.756372,2.787556,2.790155,2.767091,2.808630,2.747685,2.800333,3.327722,2.857073,2.794969,2.811539,2.795907,3.110666,3.135026,2.797668,2.865749,2.803917,2.791001,2.783107,2.775299
B:23--B:27,7.476086,,3.239366,3.200584,3.204624,3.253803,3.190574,3.208250,3.212306,3.228407,3.224294,3.221435,3.215859,3.198116,3.303673,3.217357,3.220218,3.212687,3.221684,3.240911,3.239795,3.239251
B:24--B:25,5.490000,5.490000,1.331508,1.332710,1.332667,1.330577,1.331937,1.331331,1.330020,1.331535,1.329934,1.330958,1.333063,1.329271,1.331299,1.330121,1.331109,1.331092,1.332794,1.332449,1.329797,1.330437
B:24--B:26,7.120000,7.120000,3.361186,3.423728,3.387458,3.422047,3.395474,3.386959,3.393774,3.377141,3.373506,3.391626,3.385690,3.363340,3.365710,3.314891,3.396070,3.456720,3.453785,3.396764,3.375395,3.408693
B:24--B:27,6.040000,6.040000,3.073556,3.089927,3.132692,3.100963,3.074833,3.121683,3.076962,3.073838,3.101885,3.067985,3.100140,3.110886,3.054033,3.101795,3.091440,3.106206,3.086891,3.084361,3.085922,3.101023
B:25--B:26,5.340000,5.340000,1.338916,1.336530,1.337110,1.340464,1.338984,1.338508,1.336617,1.336490,1.338237,1.338755,1.336474,1.336299,1.337175,1.333565,1.336043,1.337914,1.337879,1.338087,1.338355,1.338010
B:25--B:27,7.550000,7.700000,3.081148,2.977913,3.104079,2.937264,3.047457,3.056877,2.977006,3.071633,3.066143,2.981818,3.084814,3.103458,2.987266,3.091639,2.949860,2.958744,2.929347,2.968974,3.012519,2.976715
B:25--B:28,6.560001,6.560001,3.133475,2.810028,3.152941,2.785959,2.834820,3.087629,2.796438,3.216428,3.208392,2.814608,3.194121,3.300059,2.780701,3.337729,2.810814,2.862849,2.786446,2.799619,2.809887,2.803151
B:26--B:27,6.300000,6.300000,1.337856,1.333918,1.336724,1.336268,1.335875,1.336351,1.335632,1.338749,1.337674,1.335176,1.337976,1.339411,1.336080,1.338752,1.334036,1.337272,1.334203,1.335613,1.336071,1.336535
B:26--B:28,6.810001,6.810001,3.183559,2.969376,3.176602,3.102829,2.991102,3.209143,3.096525,3.157194,3.119029,3.100437,3.162484,3.236317,3.077720,3.168428,3.101067,2.952533,3.026242,3.091639,3.066722,3.096954
B:26--B:29,6.260000,,2.993287,2.801491,2.963861,2.873880,2.879985,2.990990,2.892199,2.846707,2.832460,2.903556,2.904904,3.007425,2.894759,2.964916,2.889082,2.847583,2.912396,2.893478,2.891325,2.924818
B:26--B:30,7.280000,,2.705153,4.031060,2.709395,2.763935,3.030214,2.700083,3.197551,2.798045,2.786865,3.086951,3.150588,3.429017,2.793618,2.755572,3.018783,3.948885,3.588424,3.727970,3.343368,4.007635
B:27--B:28,5.630001,5.630001,1.335019,1.336922,1.335798,1.339400,1.336453,1.333786,1.335545,1.335131,1.335993,1.338718,1.336580,1.335651,1.334766,1.336467,1.335587,1.337678,1.334571,1.337494,1.335398,1.338353
B:27--B:29,7.090000,7.090000,3.222856,3.105871,3.171911,3.127187,3.061841,3.219571,3.090207,3.200382,3.181184,3.060010,3.205532,3.160751,3.077304,3.142552,3.094630,3.093478,3.088736,3.078336,3.061207,3.037571
B:27--B:30,6.350001,6.350001,3.084796,3.191145,3.007085,3.088902,3.146654,3.081823,3.178902,3.169852,3.117955,3.182391,3.121822,2.989313,3.179451,3.102118,3.192642,3.033116,3.147507,2.971485,2.935967,3.168114
B:27--B:31,6.995711,7.440000,2.872431,3.139393,2.812504,2.909613,2.985009,2.772334,3.005473,2.833442,2.829979,2.897467,2.795080,2.835904,3.009612,2.921338,3.072353,2.901100,3.007567,2.953803,2.887374,3.022732
B:27--B:34,8.845154,,6.782296,7.196973,7.176131,7.041138,7.289527,7.077308,7.205007,6.750906,6.831908,6.594469,6.801903,6.847571,7.153387,7.015638,7.170928,7.358256,7.216985,7.197422,7.311115,7.403106
B:28--B:29,5.840000,,1.334330,1.337905,1.333058,1.336977,1.336789,1.333465,1.338991,1.334348,1.335082,1.337529,1.331515,1.335108,1.337680,1.336323,1.338409,1.337925,1.339371,1.334784,1.335523,1.337277
B:28--B:30,7.080000,7.080000,3.400015,3.459478,3.201521,3.369480,3.467196,3.327334,3.483425,3.312738,3.318420,3.495070,3.282229,3.219075,3.521534,3.429045,3.482155,3.384849,3.513736,3.326498,3.370926,3.551688
B:28--B:31,6.020000,6.430001,3.451538,3.509165,3.415495,3.537591,3.636982,3.539404,3.592634,3.461265,3.497921,3.625822,3.380197,3.509347,3.512590,3.533258,3.592419,3.444771,3.628713,3.435895,3.462903,3.627774
B:28--B:32,7.120000,7.120000,3.110584,3.293066,2.903726,3.024476,3.005603,2.930371,3.054256,2.927755,2.980818,3.118722,2.979395,2.860505,2.945985,2.954154,3.169389,3.005771,3.104518,2.955843,2.945192,3.149456
B:29--B:30,5.270000,5.680000,1.336200,1.334885,1.335666,1.335257,1.333487,1.338030,1.332887,1.337706,1.338972,1.336911,1.337248,1.337198,1.336510,1.337916,1.337723,1.333825,1.334335,1.338728,1.335785,1.336857
B:29--B:31,7.470000,,3.358914,3.300008,3.551629,3.299543,3.356529,3.518832,3.310248,3.440036,3.444536,3.307847,3.433387,3.636810,3.152374,3.374703,3.302338,3.289026,3.284955,3.342737,3.265824,3.186016
B:29--B:32,7.700000,,3.462975,3.354373,3.556581,3.303314,3.484810,3.587402,3.360473,3.553647,3.505463,3.365965,3.527115,3.955935,3.123544,3.572491,3.351877,3.341885,3.277036,3.400154,3.225935,3.077273
B:30--B:31,5.750000,5.850000,1.339654,1.336184,1.341706,1.336512,1.337283,1.338186,1.338823,1.335873,1.335980,1.336885,1.337919,1.336125,1.337593,1.337067,1.336444,1.339312,1.339353,1.336575,1.337022,1.337752
B:30--B:32,8.805154,,3.159881,3.136312,3.093778,3.241534,3.246273,3.165034,3.197264,3.151930,3.133618,3.186609,3.147785,3.130010,3.312348,3.222474,3.175384,3.264947,3.198635,3.215665,3.239408,3.176030
B:31--B:32,5.880001,,1.334567,1.335780,1.333389,1.334343,1.332826,1.334783,1.336476,1.335681,1.334962,1.336955,1.337222,1.336375,1.335649,1.335269,1.334818,1.334299,1.334067,1.336822,1.335345,1.338915
B:31--B:33,7.700000,,3.183180,3.196705,3.110220,3.171966,3.162714,3.076802,3.150593,3.154128,3.156171,3.118318,3.195792,3.166151,3.269974,3.158302,3.167087,3.140763,3.159596,3.313939,3.162538,3.127828
B:31--B:34,6.410000,,3.153571,3.205327,2.821175,3.117987,2.994717,2.817041,2.964247,3.135772,3.148021,2.804037,3.116250,3.080488,2.903502,3.007265,3.182173,2.899851,3.139712,3.119750,2.935243,2.878611
B:32--B:33,5.530000,5.530000,1.339157,1.336234,1.336351,1.336355,1.334737,1.336192,1.335764,1.335090,1.337881,1.335879,1.336291,1.335966,1.337425,1.335626,1.336196,1.337420,1.338702,1.337833,1.337548,1.337181
B:32--B:34,7.700000,,3.298551,3.308687,3.232445,3.321765,3.183520,3.256035,3.270014,3.401168,3.394413,3.298672,3.277549,3.330359,3.190598,3.254713,3.324311,3.231143,3.329930,3.269477,3.241733,3.227736
B:32--B:35,5.650000,7.730000,2.889557,3.413255,3.303570,3.001092,3.034356,3.297615,3.374033,2.913993,2.873751,3.366902,3.380598,3.496474,3.248782,3.249572,2.857270,3.342094,2.920529,2.949861,3.247744,3.243664
B:33--B:34,7.700000,,1.339817,1.338559,1.336722,1.337948,1.337355,1.336106,1.336155,1.338020,1.337287,1.338416,1.337894,1.336033,1.336351,1.336146,1.337960,1.337312,1.334891,1.337117,1.337557,1.335738
B:33--B:35,7.700000,,3.076663,3.169292,3.393271,3.108843,3.158133,3.374776,3.299916,3.088765,3.077126,3.178239,3.190066,3.168567,3.156173,3.250249,3.061126,3.357161,3.085837,3.127215,3.318289,3.347102
B:34--B:35,5.570000,7.700000,1.338404,1.338537,1.339436,1.336804,1.339064,1.338489,1.339273,1.338824,1.339273,1.341317,1.337864,1.339451,1.340502,1.338695,1.337292,1.338379,1.338285,1.339784,1.340164,1.339248
B:35--B:36,5.600000,5.600000,1.337236,1.337103,1.336439,1.337057,1.337471,1.336989,1.332915,1.337788,1.335470,1.335352,1.335721,1.335425,1.336340,1.335004,1.337510,1.335614,1.334492,1.334569,1.336652,1.337285
B:36--B:37,6.042999,,1.339194,1.338075,1.337728,1.335318,1.337402,1.338158,1.337494,1.339879,1.334550,1.336055,1.337867,1.338267,1.337233,1.336405,1.335849,1.336723,1.336122,1.339659,1.337259,1.335240
B:37--B:38,5.520000,5.520000,1.336596,1.335871,1.334144,1.331550,1.336217,1.332794,1.337762,1.335460,1.333118,1.333042,1.336971,1.336378,1.332427,1.333030,1.336374,1.336286,1.337725,1.334444,1.335376,1.334060
B:38--B:39,5.580000,5.580000,1.337846,1.339109,1.342063,1.331780,1.337139,1.333963,1.333617,1.337788,1.335632,1.339103,1.340035,1.336079,1.337600,1.335069,1.337697,1.336632,1.335479,1.336349,1.337344,1.336674
B:38--B:40,8.805154,,3.396306,3.219974,3.022206,3.679344,4.806817,3.164311,4.781089,4.328840,3.042618,3.535481,4.310179,3.956058,3.077452,4.603863,4.639034,4.678225,3.236370,4.784315,3.503521,3.153848
B:39--B:40,5.530000,5.530000,1.334407,1.335172,1.335576,1.336279,1.335408,1.338216,1.334877,1.335159,1.332910,1.333671,1.333357,1.335577,1.337015,1.334039,1.335655,1.334357,1.339672,1.331220,1.337904,1.339890
B:40--B:41,5.140001,5.140001,1.335462,1.332615,1.335920,1.336732,1.338048,1.335624,1.335384,1.335511,1.336268,1.335972,1.335181,1.336856,1.335890,1.336705,1.336482,1.335800,1.339004,1.335717,1.337001,1.335387
B:40--B:42,7.550000,7.550000,4.154962,3.371151,4.170973,4.170515,3.494024,3.307575,4.194157,3.171438,3.202807,4.123598,4.133210,3.601506,4.257710,3.627206,3.633097,3.498936,3.657413,3.734236,3.187197,4.293222
B:41--B:42,6.140001,6.140001,1.334543,1.337045,1.334338,1.336052,1.335173,1.337658,1.336409,1.336366,1.338203,1.338141,1.335343,1.336529,1.336257,1.335409,1.336623,1.336448,1.335092,1.332567,1.337751,1.334852
B:42--B:43,5.500000,5.500000,1.334633,1.335737,1.336264,1.339368,1.333376,1.337433,1.335085,1.333587,1.337747,1.336567,1.335980,1.336060,1.336663,1.338436,1.336684,1.334374,1.335119,1.336660,1.336327,1.338494
B:43--B:44,6.980000,,1.339039,1.339924,1.340067,1.340677,1.338328,1.338902,1.338561,1.338837,1.339231,1.336115,1.339656,1.337354,1.340367,1.338386,1.341659,1.339385,1.341843,1.340312,1.336857,1.339567
B:44--B:45,6.600001,6.600001,1.336433,1.337016,1.340004,1.335998,1.336830,1.334356,1.337882,1.341424,1.336563,1.334730,1.334356,1.334579,1.336488,1.336701,1.333360,1.336341,1.335743,1.337085,1.334095,1.333413
B:45--B:46,7.230000,,1.335851,1.338544,1.334805,1.338135,1.334858,1.336162,1.336414,1.335715,1.335876,1.338955,1.336496,1.336018,1.338156,1.336289,1.334984,1.338408,1.336959,1.336169,1.333342,1.336406
B:46--B:47,7.140001,7.140001,1.335042,1.338334,1.336961,1.335946,1.335071,1.336237,1.333947,1.338551,1.333265,1.335878,1.336758,1.335806,1.334922,1.337614,1.334702,1.336655,1.334482,1.333862,1.336924,1.333311
B:47--B:48,5.660000,5.660000,1.334781,1.338344,1.338467,1.336149,1.335876,1.333771,1.334206,1.330834,1.339124,1.335033,1.336798,1.334419,1.336956,1.335718,1.334336,1.333838,1.335658,1.336757,1.337505,1.334784
B:48--B:49,5.550001,5.550001,1.334620,1.336977,1.337640,1.334091,1.336657,1.336204,1.335137,1.334359,1.335089,1.335165,1.333899,1.334568,1.336624,1.334807,1.333288,1.336829,1.334240,1.334176,1.337130,1.333810
B:49--B:50,5.220001,5.220001,1.333751,1.337285,1.338912,1.338311,1.336341,1.337432,1.336553,1.332539,1.334226,1.335866,1.335966,1.332880,1.338087,1.337874,1.334342,1.335559,1.338899,1.337749,1.336294,1.337353
B:49--B:51,7.680001,,3.524284,3.317826,3.257841,3.344773,3.059868,3.030763,3.294012,3.158368,3.122057,3.179293,3.310956,3.199466,3.339442,3.178773,4.624388,3.151884,3.291434,3.498930,3.226917,3.235891
B:50--B:51,6.970001,,1.331449,1.333576,1.336216,1.340324,1.333984,1.336798,1.336335,1.339403,1.337569,1.337199,1.335913,1.332001,1.338486,1.334589,1.335100,1.337301,1.335058,1.334189,1.336100,1.334719
