heavy_atom_pair,nef_max_distance_A,star_max_distance_A,model_1_distance_A,model_2_distance_A,model_3_distance_A,model_4_distance_A,model_5_distance_A,model_6_distance_A,model_7_distance_A,model_8_distance_A,model_9_distance_A,model_10_distance_A
A:1:C1'--A:1:C3',9.340000,9.340000,2.388301,2.376871,2.314617,2.378230,2.348577,2.379310,2.355967,2.362373,2.393970,2.348334
A:1:C1'--A:1:C6,7.290000,7.290000,2.435613,2.451528,2.570616,2.344818,2.638115,2.422230,2.434510,2.437449,2.435626,2.438434
A:1:C1'--A:2:C8,11.240000,11.240000,7.288858,7.913491,7.643854,7.542834,7.815984,8.360702,7.647040,8.189365,7.309413,8.234899
A:1:C3'--A:1:C6,7.290000,7.290000,4.396507,4.439623,4.588034,4.178151,4.902668,4.287633,4.375526,4.479997,4.397400,4.460947
A:1:C5--A:1:C6,5.240000,5.240000,1.378534,1.371911,1.398574,1.345243,1.408723,1.383145,1.384706,1.382673,1.378577,1.386796
A:1:C5--A:2:C8,11.240000,11.240000,9.518210,10.333001,10.301341,9.885564,9.989844,11.540767,10.403387,11.080992,9.477372,11.011881
A:2:C1'--A:2:C8,7.290000,7.290000,2.542287,2.569561,2.534320,2.527682,2.522414,2.548271,2.527927,2.547500,2.539818,2.548604
A:2:C2'--A:2:C8,5.240000,5.240000,3.284445,3.397513,3.411338,3.356612,3.358708,3.134841,3.214497,3.212311,3.281537,3.213934
A:2:C3'--A:2:C8,7.290000,7.290000,4.307037,4.435941,4.479557,4.400596,4.388470,4.249147,4.279896,4.261520,4.308717,4.292118
A:2:C4'--A:2:C8,9.340000,9.340000,3.886967,4.138578,4.103082,4.038384,3.985514,3.970132,3.908294,3.929073,3.878427,4.059108
A:2:C4'--A:3:C8,7.290000,7.290000,4.504782,4.585101,4.637462,4.745226,4.667311,4.172045,4.946208,4.874894,4.474358,4.406330
A:3:C1'--A:3:C2',5.240000,5.240000,1.533302,1.536299,1.538262,1.535597,1.538687,1.533351,1.539427,1.536548,1.532233,1.532172
A:3:C1'--A:4:C8,7.290000,7.290000,4.882108,4.796740,4.796553,4.809664,4.817680,4.902230,4.612661,4.681092,4.852758,4.479854
A:3:C2'--A:3:C8,5.240000,5.240000,3.301204,3.241243,3.266049,3.269367,3.301290,3.237894,3.241821,3.255918,3.323047,3.210068
A:3:C2'--A:4:C1',11.240000,11.240000,5.475144,5.039098,5.154698,5.168795,5.255781,5.516005,4.948286,4.978556,5.443517,4.912546
A:3:C2'--A:4:C8,5.240000,5.240000,4.078745,3.989193,4.000364,3.988113,3.998947,4.350971,3.992838,4.024804,4.043876,4.182640
A:3:C3'--A:3:C8,7.290000,7.290000,4.306394,4.277435,4.309595,4.304339,4.342963,4.389269,4.324831,4.315069,4.311302,4.435683
A:3:C3'--A:4:C1',11.240000,11.240000,6.301015,5.795317,5.895320,5.911194,5.986501,5.820890,5.682169,5.748049,6.295958,5.593432
A:3:C4'--A:3:C8,7.290000,7.290000,3.922277,3.947319,3.979400,3.970102,3.977915,4.152875,4.020366,3.980210,3.911068,4.274597
A:3:C8--A:4:C8,11.240000,11.240000,5.753879,5.667623,5.694467,5.711259,5.755854,6.320185,5.513190,5.582600,5.723309,4.867068
A:4:C1'--A:4:C2',5.240000,5.240000,1.536959,1.525529,1.534704,1.535972,1.535467,1.534576,1.536754,1.538373,1.538822,1.542173
A:4:C1'--A:4:C3',7.290000,7.290000,2.375257,2.368134,2.382196,2.378892,2.379791,2.380521,2.376504,2.385394,2.376842,2.403659
A:4:C1'--A:4:C4',7.290000,7.290000,2.341229,2.339442,2.348233,2.342574,2.346245,2.335692,2.339607,2.342126,2.342039,2.310205
A:5:C1'--A:5:C2',7.290000,7.290000,1.532739,1.535938,1.535677,1.535323,1.537400,1.534153,1.532877,1.534829,1.532430,1.533557
A:5:C1'--A:5:C3',9.340000,9.340000,2.363227,2.391326,2.389314,2.383121,2.387061,2.389836,2.392902,2.391333,2.361927,2.384671
A:5:C1'--A:5:C4',7.290000,7.290000,2.355157,2.311364,2.333453,2.337777,2.342177,2.318004,2.329182,2.324855,2.350330,2.300122
A:5:C3'--A:5:C8,7.290000,7.290000,4.359277,4.479938,4.457332,4.430992,4.427212,4.440223,4.445470,4.449979,4.361337,4.490687
A:6:C1'--A:6:C2',7.290000,7.290000,1.529474,1.526647,1.529641,1.529327,1.528949,1.522731,1.525043,1.524930,1.528898,1.532429
A:6:C1'--A:6:C3',9.340000,9.340000,2.359482,2.357392,2.358003,2.359559,2.360659,2.364150,2.364560,2.360875,2.355681,2.412615
A:6:C1'--A:6:C4',7.290000,7.290000,2.336799,2.346733,2.337423,2.335879,2.334266,2.331759,2.330406,2.330513,2.333792,2.356245
A:6:C2'--A:6:C6,5.240000,5.240000,3.177623,3.227692,3.208552,3.199300,3.200520,3.175126,3.217802,3.210583,3.172123,3.241843
A:6:C3'--A:6:C6,7.290000,7.290000,4.151713,4.168375,4.182645,4.176282,4.174691,4.199378,4.210903,4.226913,4.149638,4.005913
A:6:C5--A:6:C6,5.240000,5.240000,1.387393,1.384694,1.385755,1.385617,1.386612,1.384518,1.386375,1.385096,1.387549,1.383455
A:6:C5--A:8:C2,11.240000,11.240000,8.861209,8.441561,8.465303,8.529457,8.554600,11.073074,9.243569,9.611825,8.878925,9.690202
A:7:C1'--A:7:C2',7.290000,7.290000,1.539463,1.536950,1.534420,1.538727,1.541538,1.530140,1.538656,1.531452,1.536034,1.538226
A:7:C1'--A:7:C3',9.340000,9.340000,2.392150,2.335299,2.349397,2.356786,2.364586,2.364234,2.318536,2.331571,2.395070,2.354704
A:7:C2'--A:7:C6,5.240000,5.240000,2.819627,2.894835,2.839736,2.835280,2.835859,3.291913,2.980380,3.098727,2.819132,3.010190
A:7:C3'--A:7:C6,7.290000,7.290000,4.241098,4.289367,4.261962,4.255138,4.257518,4.343177,4.263384,4.240244,4.248492,4.216722
A:7:C5--A:8:C2,11.240000,11.240000,8.380257,8.130901,8.158151,8.181243,8.195293,11.219454,9.078452,9.536492,8.406534,8.184205
A:7:C5--A:8:C8,11.240000,11.240000,7.263799,7.587107,7.466600,7.436726,7.452415,8.858258,7.706499,8.091794,7.182735,8.169117
A:8:C1'--A:8:C2,9.340000,9.340000,4.475161,4.419248,4.437034,4.434703,4.454282,4.440601,4.426041,4.419005,4.484128,4.463083
A:8:C1'--A:8:C2',5.240000,5.240000,1.533574,1.530661,1.532542,1.539190,1.535404,1.529619,1.528873,1.530389,1.533034,1.532116
A:8:C1'--A:8:C3',7.290000,7.290000,2.365757,2.315582,2.318708,2.327616,2.339109,2.324758,2.302705,2.316844,2.370813,2.339216
A:8:C1'--A:8:C4',7.290000,7.290000,2.342699,2.334387,2.334766,2.337447,2.342128,2.320318,2.318720,2.322385,2.341460,2.331367
A:8:C1'--A:8:C8,7.290000,7.290000,2.527689,2.514783,2.512276,2.517645,2.514170,2.532795,2.519387,2.526986,2.529388,2.505213
A:8:C1'--A:9:C8,11.240000,11.240000,8.714368,8.038237,8.114130,8.185652,8.252760,8.395607,8.113344,8.356114,8.759901,8.540241
A:8:C2'--A:8:C8,5.240000,5.240000,3.384883,3.511482,3.469516,3.461168,3.436149,3.630620,3.580091,3.631860,3.378684,3.648707
A:8:C2'--A:9:C1',11.240000,11.240000,7.916056,7.520951,7.571023,7.632951,7.697179,7.348772,7.479943,7.399340,7.929152,7.267075
A:8:C2'--A:9:C8,11.240000,11.240000,8.035441,7.343106,7.450024,7.527722,7.606184,7.308799,7.327328,7.295143,8.048899,7.356221
A:8:C3'--A:8:C8,7.290000,7.290000,4.378228,4.449210,4.407089,4.393042,4.372220,4.620924,4.556446,4.596335,4.376030,4.511898
A:8:C4'--A:8:C8,9.340000,9.340000,3.893757,3.908343,3.856414,3.834864,3.805129,4.112300,4.065478,4.056582,3.915649,3.849377
A:9:C1'--A:9:C2',5.240000,5.240000,1.527393,1.528452,1.531770,1.529971,1.530164,1.537859,1.533665,1.531873,1.524170,1.530139
A:9:C1'--A:9:C3',7.290000,7.290000,2.346264,2.329832,2.335502,2.340863,2.341362,2.366454,2.349711,2.352567,2.358460,2.367944
A:9:C1'--A:9:C4',7.290000,7.290000,2.329436,2.328117,2.330990,2.330888,2.332200,2.312990,2.338079,2.327047,2.328608,2.289099
A:9:C1'--A:9:C8,7.290000,7.290000,2.543931,2.566520,2.563983,2.562017,2.563081,2.582144,2.589998,2.574452,2.543269,2.572713
A:9:C1'--A:10:C8,7.290000,7.290000,5.012999,4.673848,4.795750,4.826942,4.914346,4.040573,4.454335,4.318514,5.059326,4.272128
A:9:C2'--A:9:C8,7.290000,7.290000,3.390545,3.390487,3.388003,3.388323,3.372101,3.324533,3.397465,3.281986,3.377667,3.255042
A:9:C2'--A:10:C8,5.240000,5.240000,4.099956,4.114299,4.155531,4.149250,4.155331,3.926907,3.946683,4.023135,4.121897,3.986621
A:9:C3'--A:9:C8,7.290000,7.290000,4.467577,4.510010,4.499222,4.493217,4.481263,4.538842,4.529677,4.473466,4.452694,4.466804
A:9:C4'--A:9:C8,7.290000,7.290000,4.061668,4.160929,4.135041,4.120013,4.114940,4.349707,4.217434,4.248614,4.050521,4.328786
A:9:C8--A:10:C8,9.340000,9.340000,5.471219,4.814480,5.014990,5.073884,5.203392,4.004204,4.749772,4.460186,5.486461,4.553542
A:10:C1'--A:10:C2',5.240000,5.240000,1.531280,1.534857,1.535301,1.534006,1.532090,1.536842,1.533511,1.538088,1.530865,1.538194
A:10:C1'--A:10:C3',7.290000,7.290000,2.416466,2.446587,2.443127,2.441047,2.438268,2.401596,2.388351,2.382628,2.401014,2.429496
A:10:C1'--A:10:C4',7.290000,7.290000,2.363852,2.325919,2.342819,2.347311,2.354587,2.313276,2.337190,2.317499,2.363211,2.322641
A:10:C1'--A:11:C8,9.340000,9.340000,4.518622,4.496981,4.399611,4.399252,4.362475,4.683873,4.664220,4.716088,4.531162,4.649301
A:10:C2'--A:11:C1',7.290000,7.290000,4.712001,4.814121,4.772059,4.772282,4.727221,4.358219,4.511668,4.583996,4.697715,4.512124
A:10:C3'--A:11:C1',9.340000,9.340000,5.810724,5.671048,5.737356,5.767023,5.761601,4.763092,5.219986,5.130394,5.823179,5.232637
A:10:C3'--A:11:C8,7.290000,7.290000,4.436963,4.257652,4.301563,4.333641,4.332484,3.754785,4.025874,3.977024,4.445459,4.063645
A:11:C1'--A:11:C2',5.240000,5.240000,1.537451,1.531886,1.533935,1.534042,1.532815,1.536146,1.533856,1.538093,1.538847,1.531787
A:11:C1'--A:11:C3',7.290000,7.290000,2.421924,2.421012,2.421777,2.414803,2.415320,2.430112,2.412030,2.431882,2.422970,2.401699
A:11:C1'--A:11:C4',7.290000,7.290000,2.390217,2.352810,2.359076,2.362102,2.359821,2.311788,2.337237,2.336392,2.394530,2.337504
A:11:C1'--A:11:C8,7.290000,7.290000,2.562717,2.574333,2.567697,2.566841,2.562068,2.554857,2.545465,2.549782,2.567646,2.559829
A:11:C1'--A:12:C6,9.340000,9.340000,7.279891,7.297024,7.446112,7.472636,7.501761,6.633935,7.268274,6.828840,7.159192,7.069019
A:11:C2'--A:11:C8,7.290000,7.290000,3.419438,3.374299,3.352113,3.364723,3.350432,3.218615,3.338796,3.197725,3.437188,3.263437
A:11:C2'--A:12:C1',9.340000,9.340000,6.601504,6.391411,6.543459,6.579427,6.614884,5.863411,6.248022,5.848957,6.572732,6.439188
A:11:C2'--A:12:C6,7.290000,7.290000,6.319410,6.173265,6.300615,6.347177,6.374303,5.561180,6.134556,5.760612,6.249218,5.966410
A:11:C3'--A:11:C8,7.290000,7.290000,3.718040,3.833437,3.761061,3.762364,3.720550,4.157584,3.876231,4.101218,3.703920,3.657263
A:11:C4'--A:11:C8,9.340000,9.340000,3.697427,3.810880,3.752008,3.752304,3.710603,4.149400,3.838768,4.041259,3.694111,3.822931
A:11:C4'--A:12:C6,9.340000,9.340000,8.189807,8.240237,8.292976,8.332698,8.302738,7.816271,8.263035,8.076181,8.114227,8.111412
A:11:C8--A:12:C1',9.340000,9.340000,6.760587,7.129409,7.212837,7.190183,7.153537,7.322173,7.191731,7.284660,6.640427,7.266553
A:11:C8--A:12:C5,9.340000,9.340000,7.670587,7.946446,8.020395,8.028676,8.019583,7.821910,7.970416,8.004161,7.533523,7.603730
A:11:C8--A:12:C6,9.340000,9.340000,7.026898,7.347551,7.432253,7.429714,7.410010,7.349373,7.345317,7.417756,6.886190,7.070966
A:12:C1'--A:12:C2',7.290000,7.290000,1.520954,1.525756,1.524306,1.525634,1.527829,1.524929,1.518358,1.525308,1.518154,1.534970
A:12:C1'--A:12:C4',7.290000,7.290000,2.357883,2.347020,2.359098,2.353686,2.358101,2.344515,2.332192,2.344726,2.355522,2.352670
A:12:C1'--A:12:C6,7.290000,7.290000,2.418481,2.425573,2.425800,2.423697,2.425399,2.424159,2.430532,2.425717,2.410340,2.440043
A:12:C2'--A:12:C6,5.240000,5.240000,3.474336,3.488535,3.501405,3.516982,3.532055,3.330562,3.448371,3.377601,3.432173,3.574394
A:12:C4'--A:12:C6,7.290000,7.290000,3.801594,3.905892,3.873728,3.846869,3.838186,3.682999,3.918069,3.802453,3.777925,3.972860
A:12:C5--A:12:C6,5.240000,5.240000,1.378437,1.381979,1.381571,1.379768,1.380068,1.380194,1.363599,1.377614,1.376876,1.382859
B:1:C1'--B:1:C3',9.340000,9.340000,2.384175,2.382748,2.393968,2.335078,2.396775,2.392183,2.421277,2.428853,2.376945,2.397205
B:1:C1'--B:1:C6,7.290000,7.290000,2.428589,2.443772,2.393628,2.427762,2.431809,2.436252,2.432596,2.414919,2.430437,2.438657
B:1:C1'--B:2:C8,11.240000,11.240000,7.272817,7.114565,7.243074,7.196360,7.247453,5.419853,7.014571,6.658033,7.290068,6.613896
B:1:C3'--B:1:C6,7.290000,7.290000,4.398725,4.628880,4.561102,4.528450,4.591688,4.384411,4.553300,4.600318,4.377929,4.523104
B:1:C5--B:1:C6,5.240000,5.240000,1.377485,1.397308,1.372619,1.381462,1.379567,1.383636,1.383495,1.380099,1.378060,1.385275
B:1:C5--B:2:C8,11.240000,11.240000,9.386758,9.378534,9.364804,9.368862,9.319700,8.728645,9.576038,9.538053,9.360130,9.522125
B:2:C1'--B:2:C8,7.290000,7.290000,2.541753,2.533381,2.532201,2.594777,2.552044,2.555416,2.557177,2.550187,2.542874,2.561418
B:2:C2'--B:2:C8,5.240000,5.240000,3.347964,3.395792,3.372540,3.411199,3.397591,3.583101,3.479601,3.517052,3.339432,3.534454
B:2:C3'--B:2:C8,7.290000,7.290000,4.335532,4.315455,4.314978,4.341887,4.349666,4.507932,4.446161,4.439232,4.336890,4.428188
B:2:C4'--B:2:C8,9.340000,9.340000,3.903945,3.838755,3.875228,3.887254,3.897057,3.943032,4.020980,3.917236,3.897099,3.837551
B:2:C4'--B:3:C8,7.290000,7.290000,4.444373,4.562752,4.566707,4.543583,4.578797,5.214749,4.748621,4.583828,4.423493,4.235148
B:3:C1'--B:3:C2',5.240000,5.240000,1.531634,1.530405,1.530009,1.531371,1.529260,1.527957,1.530101,1.532148,1.530660,1.526062
B:3:C1'--B:4:C8,7.290000,7.290000,4.815879,4.671467,4.731777,4.745130,4.751960,4.911653,4.776245,4.831271,4.793549,4.351934
B:3:C2'--B:3:C8,5.240000,5.240000,3.355823,3.274207,3.303730,3.314056,3.310966,3.293672,3.264319,3.268860,3.367829,3.239501
B:3:C2'--B:4:C1',11.240000,11.240000,5.422064,5.177412,5.234378,5.274094,5.322351,4.916178,5.299848,5.104047,5.417249,5.984871
B:3:C2'--B:4:C8,5.240000,5.240000,4.024973,4.042953,4.013134,4.010547,4.006583,4.209534,4.250949,4.196761,4.003493,4.276348
B:3:C3'--B:3:C8,7.290000,7.290000,4.337913,4.308404,4.337668,4.354385,4.349170,4.414503,4.403704,4.411191,4.342817,4.421350
B:3:C3'--B:4:C1',11.240000,11.240000,6.262343,5.899944,5.965719,6.002685,6.049778,5.521564,5.892345,5.723453,6.285379,6.186972
B:3:C4'--B:3:C8,7.290000,7.290000,3.939222,4.009745,4.024570,4.017340,4.018930,4.132797,4.164443,4.153665,3.929064,4.221073
B:3:C8--B:4:C8,11.240000,11.240000,5.766851,5.735759,5.758748,5.752623,5.776912,5.835937,5.736758,5.664816,5.721457,5.853959
B:4:C1'--B:4:C2',5.240000,5.240000,1.539736,1.535850,1.533183,1.532962,1.529719,1.539505,1.540965,1.539907,1.528193,1.542676
B:4:C1'--B:4:C3',7.290000,7.290000,2.373054,2.364973,2.367103,2.363659,2.373395,2.406086,2.398965,2.405245,2.369849,2.403872
B:4:C1'--B:4:C4',7.290000,7.290000,2.339452,2.336256,2.338513,2.338784,2.339530,2.311174,2.328167,2.307531,2.342015,2.359582
B:5:C1'--B:5:C2',7.290000,7.290000,1.529420,1.532013,1.531662,1.535586,1.533141,1.534851,1.527746,1.530649,1.526728,1.530847
B:5:C1'--B:5:C3',9.340000,9.340000,2.362041,2.381530,2.376965,2.371517,2.374569,2.396974,2.367678,2.392477,2.358716,2.370494
B:5:C1'--B:5:C4',7.290000,7.290000,2.362298,2.353174,2.358730,2.360842,2.367607,2.310148,2.319490,2.329932,2.359430,2.314506
B:5:C3'--B:5:C8,7.290000,7.290000,4.390285,4.427894,4.410943,4.410364,4.409075,4.486282,4.441695,4.470372,4.395106,4.566874
B:6:C1'--B:6:C2',7.290000,7.290000,1.528683,1.530151,1.526930,1.526700,1.526969,1.535354,1.527993,1.530475,1.526858,1.532837
B:6:C1'--B:6:C3',9.340000,9.340000,2.362229,2.389598,2.375992,2.368799,2.368676,2.377947,2.383517,2.386159,2.356524,2.405755
B:6:C1'--B:6:C4',7.290000,7.290000,2.329086,2.327541,2.330779,2.333680,2.330310,2.301221,2.310301,2.309682,2.322122,2.316719
B:6:C2'--B:6:C6,5.240000,5.240000,3.161107,3.348785,3.275385,3.243942,3.224892,3.500319,3.281067,3.260831,3.123385,3.426260
B:6:C3'--B:6:C6,7.290000,7.290000,4.164995,4.265048,4.241862,4.220834,4.212494,4.456570,4.227471,4.206920,4.141298,4.293015
B:6:C5--B:6:C6,5.240000,5.240000,1.385545,1.383043,1.384382,1.384676,1.384424,1.384528,1.381239,1.384516,1.385531,1.383759
B:6:C5--B:8:C2,11.240000,11.240000,8.815830,9.611286,9.170796,9.021161,8.903074,10.769489,10.304390,10.858562,8.826013,10.317064
B:7:C1'--B:7:C2',7.290000,7.290000,1.533940,1.536665,1.538947,1.537949,1.538230,1.533001,1.545209,1.543044,1.529643,1.537690
B:7:C1'--B:7:C3',9.340000,9.340000,2.388072,2.380024,2.361358,2.357467,2.360394,2.326490,2.374261,2.357934,2.390179,2.351881
B:7:C2'--B:7:C6,5.240000,5.240000,2.889237,2.898072,2.891104,2.885236,2.881598,3.021150,2.930973,3.012921,2.884824,2.986148
B:7:C3'--B:7:C6,7.290000,7.290000,4.302692,4.316634,4.305406,4.295404,4.291647,4.254060,4.312299,4.277285,4.301240,4.328958
B:7:C5--B:8:C2,11.240000,11.240000,8.389449,9.039367,8.687191,8.543291,8.433509,9.219376,9.432122,9.419253,8.412367,8.794138
B:7:C5--B:8:C8,11.240000,11.240000,7.385102,7.827011,7.702461,7.617814,7.558470,8.074107,8.108701,8.099315,7.323935,8.137156
B:8:C1'--B:8:C2,9.340000,9.340000,4.478605,4.481990,4.488694,4.472260,4.477988,4.452044,4.440309,4.460423,4.473441,4.433065
B:8:C1'--B:8:C2',5.240000,5.240000,1.535089,1.539660,1.538984,1.539171,1.538081,1.536297,1.535478,1.537434,1.534864,1.535361
B:8:C1'--B:8:C3',7.290000,7.290000,2.374111,2.411156,2.397050,2.387343,2.386599,2.414572,2.423822,2.409863,2.376962,2.424654
B:8:C1'--B:8:C4',7.290000,7.290000,2.352247,2.360458,2.361941,2.354819,2.353180,2.357008,2.364844,2.349553,2.352241,2.354081
B:8:C1'--B:8:C8,7.290000,7.290000,2.514234,2.525794,2.524721,2.527567,2.521424,2.537327,2.528241,2.533666,2.511777,2.536208
B:8:C1'--B:9:C8,11.240000,11.240000,8.671269,8.634465,8.608500,8.554352,8.582891,8.346667,8.784769,8.715892,8.709753,8.381513
B:8:C2'--B:8:C8,5.240000,5.240000,3.407497,3.630772,3.613296,3.608781,3.594875,3.619013,3.677234,3.651108,3.358727,3.653666
B:8:C2'--B:9:C1',11.240000,11.240000,7.943140,7.760753,7.757760,7.792600,7.750943,7.543750,7.798294,7.725058,7.951648,7.417186
B:8:C2'--B:9:C8,11.240000,11.240000,7.971673,7.472261,7.589874,7.586444,7.654518,7.075212,7.491768,7.432002,8.026641,7.024678
B:8:C3'--B:8:C8,7.290000,7.290000,4.335499,4.407707,4.406023,4.414044,4.409945,4.460931,4.414954,4.489258,4.320276,4.412478
B:8:C4'--B:8:C8,9.340000,9.340000,3.845752,3.812356,3.813263,3.833490,3.828706,3.895975,3.809363,3.894755,3.860049,3.782795
B:9:C1'--B:9:C2',5.240000,5.240000,1.526281,1.521953,1.531324,1.527458,1.561712,1.534037,1.520153,1.522526,1.522147,1.528150
B:9:C1'--B:9:C3',7.290000,7.290000,2.357728,2.360739,2.363303,2.341859,2.366897,2.343114,2.357160,2.351744,2.362668,2.337703
B:9:C1'--B:9:C4',7.290000,7.290000,2.327158,2.336575,2.336867,2.326720,2.333250,2.330745,2.342035,2.322283,2.326738,2.319925
B:9:C1'--B:9:C8,7.290000,7.290000,2.552043,2.566790,2.559809,2.542177,2.567653,2.575208,2.565939,2.576110,2.541730,2.567407
B:9:C1'--B:10:C8,7.290000,7.290000,5.022697,4.766336,4.728988,4.840294,4.805622,4.198085,4.798415,4.764744,5.035439,4.704227
B:9:C2'--B:9:C8,7.290000,7.290000,3.417461,3.442127,3.503278,3.429109,3.558275,3.337563,3.442328,3.425572,3.417020,3.334923
B:9:C2'--B:10:C8,5.240000,5.240000,4.124200,4.010109,3.969528,4.017545,4.014699,4.074658,3.969794,4.040801,4.134212,4.075015
B:9:C3'--B:9:C8,7.290000,7.290000,4.491786,4.559853,4.596892,4.522064,4.616130,4.520065,4.580524,4.570745,4.478664,4.514239
B:9:C4'--B:9:C8,7.290000,7.290000,4.064880,4.178418,4.171990,4.118218,4.173002,4.262850,4.237945,4.250743,4.047344,4.272691
B:9:C8--B:10:C8,9.340000,9.340000,5.421376,5.184002,5.199220,5.264812,5.317951,4.355065,5.357792,5.218785,5.428996,5.257119
B:10:C1'--B:10:C2',5.240000,5.240000,1.535568,1.535103,1.537783,1.533479,1.536461,1.535489,1.530878,1.539667,1.534881,1.535840
B:10:C1'--B:10:C3',7.290000,7.290000,2.406292,2.451868,2.436369,2.425541,2.423865,2.424072,2.455509,2.439092,2.401333,2.427888
B:10:C1'--B:10:C4',7.290000,7.290000,2.352583,2.349644,2.363797,2.353946,2.359624,2.301154,2.342207,2.314297,2.347922,2.319559
B:10:C1'--B:11:C8,9.340000,9.340000,4.554126,4.452677,4.502717,4.471934,4.441946,4.624071,4.431877,4.610339,4.592573,4.375977
B:10:C2'--B:11:C1',7.290000,7.290000,4.727597,4.747004,4.763091,4.748265,4.742231,4.787563,4.719918,4.676650,4.713612,4.561748
B:10:C3'--B:11:C1',9.340000,9.340000,5.919645,5.742744,5.829801,5.885943,5.917069,5.396504,5.603396,5.487368,5.893155,5.614752
B:10:C3'--B:11:C8,7.290000,7.290000,4.573892,4.377316,4.478911,4.564676,4.592231,3.983432,4.306100,4.296766,4.553360,4.674265
B:11:C1'--B:11:C2',5.240000,5.240000,1.534021,1.529349,1.536305,1.535115,1.538227,1.531132,1.534755,1.535968,1.530682,1.532154
B:11:C1'--B:11:C3',7.290000,7.290000,2.401103,2.410480,2.418668,2.412976,2.413438,2.417265,2.416649,2.453827,2.387201,2.404961
B:11:C1'--B:11:C4',7.290000,7.290000,2.371436,2.342954,2.365222,2.362926,2.359929,2.343521,2.313339,2.362302,2.369143,2.366878
B:11:C1'--B:11:C8,7.290000,7.290000,2.557960,2.560108,2.557447,2.556542,2.552754,2.566649,2.625865,2.543565,2.562515,2.571037
B:11:C1'--B:12:C6,9.340000,9.340000,7.154887,7.997376,7.713609,7.609323,7.568623,8.483461,7.825864,7.841475,7.020268,8.565921
B:11:C2'--B:11:C8,7.290000,7.290000,3.404236,3.340909,3.349400,3.352564,3.358431,3.366311,3.387728,3.288333,3.412942,3.483879
B:11:C2'--B:12:C1',9.340000,9.340000,6.571348,6.687017,6.641165,6.638744,6.647602,6.795726,6.640686,6.444019,6.523164,7.120221
B:11:C2'--B:12:C6,7.290000,7.290000,6.209812,6.906609,6.639616,6.560018,6.531679,7.370248,6.777859,6.873037,6.115650,7.403200
B:11:C3'--B:11:C8,7.290000,7.290000,3.657915,3.748232,3.734104,3.705660,3.683614,3.830081,3.916705,3.887494,3.637343,3.749988
B:11:C4'--B:11:C8,9.340000,9.340000,3.674528,3.770777,3.767484,3.749519,3.710419,3.868503,3.948608,3.939906,3.663346,3.655173
B:11:C4'--B:12:C6,9.340000,9.340000,8.173810,9.042061,8.742514,8.643579,8.582771,9.614129,9.039718,9.206995,8.075675,9.198447
B:11:C8--B:12:C1',9.340000,9.340000,6.720590,7.443088,7.201973,7.114165,7.062149,8.084194,7.623740,7.448688,6.590147,8.035529
B:11:C8--B:12:C5,9.340000,9.340000,7.675483,8.776947,8.408066,8.259130,8.174565,9.785332,8.717879,8.825948,7.533995,9.330443
B:11:C8--B:12:C6,9.340000,9.340000,6.996628,8.072301,7.711141,7.570356,7.503911,8.963385,8.076876,8.122816,6.837858,8.724976
B:12:C1'--B:12:C2',7.290000,7.290000,1.526168,1.534727,1.531507,1.527306,1.529484,1.528904,1.523407,1.519964,1.517625,1.533088
B:12:C1'--B:12:C4',7.290000,7.290000,2.350340,2.364877,2.355123,2.359415,2.352657,2.355213,2.385799,2.360445,2.359679,2.354655
B:12:C1'--B:12:C6,7.290000,7.290000,2.425699,2.438461,2.443119,2.441718,2.439920,2.434315,2.445221,2.449218,2.415060,2.437040
B:12:C2'--B:12:C6,5.240000,5.240000,3.501711,3.661705,3.602996,3.582217,3.555047,3.499372,3.559755,3.535626,3.477570,3.584615
B:12:C4'--B:12:C6,7.290000,7.290000,3.760826,3.969741,3.903405,3.885550,3.875345,3.949375,3.900676,3.940893,3.728917,3.790158
B:12:C5--B:12:C6,5.240000,5.240000,1.378298,1.384463,1.384509,1.381386,1.390129,1.384220,1.386721,1.383993,1.375825,1.382658
