heavy_atom_pair,nef_max_distance_A,star_max_distance_A,model_1_distance_A,model_2_distance_A,model_3_distance_A,model_4_distance_A,model_5_distance_A,model_6_distance_A,model_7_distance_A,model_8_distance_A,model_9_distance_A,model_10_distance_A,model_11_distance_A,model_12_distance_A,model_13_distance_A,model_14_distance_A,model_15_distance_A
X:1:C1'--X:1:C2',6.240000,6.240000,1.526686,1.526707,1.527395,1.526380,1.527871,1.526676,1.527117,1.524791,1.528044,1.528286,1.529156,1.527528,1.526545,1.526548,1.526395
X:1:C1'--X:1:C3',7.740000,7.740000,2.382825,2.374236,2.375068,2.361172,2.375839,2.377349,2.370642,2.360666,2.319564,2.305524,2.384696,2.380263,2.383466,2.393816,2.363983
X:1:C1'--X:1:C4',6.240000,6.240000,2.310044,2.308795,2.301008,2.311395,2.310204,2.310159,2.312865,2.298231,2.283373,2.290906,2.307275,2.311813,2.313201,2.308528,2.315343
X:1:C1'--X:1:C5',9.240000,9.240000,3.537142,3.534779,3.560941,3.510324,3.532368,3.532035,3.529130,3.545922,3.549459,3.525237,3.533575,3.534419,3.532853,3.548118,3.496743
X:1:C1'--X:1:C8,7.740000,7.740000,2.588174,2.590602,2.586828,2.584781,2.584225,2.585948,2.588855,2.593184,2.591025,2.588040,2.584370,2.586937,2.588336,2.590491,2.583163
X:1:C1'--X:2:C3',9.240000,9.240000,5.735798,5.752679,5.817562,5.650825,5.666248,5.698037,5.696280,6.192013,5.931844,6.058061,5.787495,5.694421,5.810550,5.665961,5.629677
X:1:C1'--X:2:C4',7.740000,7.740000,4.519220,4.528248,4.699488,4.466473,4.477790,4.465144,4.518818,5.096909,4.922084,4.991868,4.612265,4.488880,4.640625,4.427080,4.465879
X:1:C1'--X:2:C5',7.740000,7.740000,4.064130,4.059432,4.309676,4.097382,4.137255,4.059955,4.197362,4.637880,4.903235,4.992163,4.282217,4.096047,4.126357,4.072504,4.100540
X:1:C1'--X:2:C8,7.740000,7.740000,4.013769,4.033024,4.214015,4.382785,4.165639,4.104996,4.206042,3.806392,3.679110,3.971045,4.284613,4.101947,4.076928,4.045749,4.340641
X:1:C2--X:2:C1',9.240000,9.240000,4.878463,4.875413,5.330259,5.344125,5.168111,4.869897,5.306678,4.927543,5.371489,5.346085,5.414346,4.978714,5.117831,4.956204,5.357126
X:1:C2--X:2:C2,9.240000,9.240000,4.171462,4.485014,4.118740,4.500716,4.313863,4.350684,4.376551,3.900465,3.700862,3.813766,4.054613,4.272550,4.148926,4.218651,4.347052
X:1:C2--X:2:C4',9.240000,9.240000,5.421446,5.317459,5.813149,5.533783,5.509037,5.312024,5.656520,5.943526,6.123100,6.048907,5.878166,5.507003,5.723855,5.513113,5.576130
X:1:C2'--X:1:C8,6.240000,6.240000,3.107852,3.094351,3.144936,3.117238,3.123921,3.117456,3.122976,3.117797,3.065294,3.073868,3.133627,3.120308,3.102648,3.111401,3.127540
X:1:C2'--X:2:C8,6.240000,6.240000,3.669977,3.668214,3.777807,3.797785,3.616470,3.646232,3.672706,3.681209,3.588962,3.630562,3.771781,3.710400,3.751016,3.636637,3.737020
X:1:C3'--X:1:C8,7.740000,7.740000,4.409064,4.424846,4.424374,4.411031,4.401459,4.409301,4.416895,4.448826,4.470025,4.463103,4.405819,4.402321,4.401041,4.401730,4.396925
X:1:C3'--X:2:C8,7.740000,7.740000,5.008551,5.006996,5.197940,5.198550,5.011908,5.010115,5.066000,4.914947,4.408879,4.571941,5.158968,5.112962,5.104985,4.992085,5.140622
X:1:C4'--X:1:C8,9.240000,9.240000,4.345964,4.388822,4.338231,4.319175,4.310380,4.333080,4.339754,4.405503,4.559260,4.530477,4.320821,4.320176,4.340720,4.348659,4.275932
X:1:C5'--X:1:C8,9.240000,9.240000,4.932943,4.997141,4.983434,4.841726,4.869882,4.904380,4.900569,5.064200,5.360480,5.251821,4.895083,4.883938,4.911426,4.960218,4.742713
X:1:C8--X:2:C8,7.740000,7.740000,4.023564,3.879640,3.844818,3.857353,3.859175,3.971443,3.850939,4.048920,4.330798,4.345930,4.008101,3.865727,4.021647,4.018092,3.879958
X:2:C1'--X:2:C2',6.240000,6.240000,1.527349,1.526944,1.526685,1.527398,1.527514,1.527163,1.525725,1.526214,1.527128,1.525663,1.527480,1.524736,1.531642,1.525786,1.526980
X:2:C1'--X:2:C3',7.740000,7.740000,2.379292,2.368109,2.318118,2.333249,2.311754,2.381239,2.316727,2.366758,2.314992,2.313663,2.336487,2.375344,2.418619,2.378427,2.332394
X:2:C1'--X:2:C4',6.240000,6.240000,2.317396,2.316496,2.295917,2.297176,2.303241,2.315297,2.297305,2.311053,2.285969,2.288967,2.303022,2.302939,2.322978,2.313465,2.298285
X:2:C1'--X:2:C5',9.240000,9.240000,3.463608,3.454484,3.488524,3.513472,3.467787,3.495749,3.474009,3.431420,3.545536,3.551517,3.492011,3.518749,3.501259,3.485137,3.509651
X:2:C1'--X:2:C8,7.740000,7.740000,2.582085,2.577442,2.587180,2.587903,2.584960,2.581493,2.586769,2.577784,2.583143,2.585165,2.588548,2.578167,2.582241,2.579110,2.589149
X:2:C1'--X:3:C3',9.240000,9.240000,5.953884,5.864644,6.507123,6.726232,6.503932,5.939941,6.537352,6.125923,6.579232,6.514871,6.645004,6.068006,5.488523,6.137337,6.618044
X:2:C1'--X:3:C4',7.740000,7.740000,4.831877,4.650637,5.431536,5.596575,5.391278,4.793111,5.376085,4.791488,5.491524,5.391875,5.462507,4.877909,4.623323,4.928378,5.499898
X:2:C1'--X:3:C5',7.740000,7.740000,4.219781,4.138780,5.174598,5.249708,5.170499,4.193339,5.149406,4.223688,5.163415,5.127402,5.165862,4.247461,3.976915,4.294545,5.191220
X:2:C1'--X:3:C8,7.740000,7.740000,4.092087,4.319426,4.039843,4.265696,4.162780,4.122324,4.365072,4.746791,4.032156,4.244644,4.415087,4.267958,4.029847,4.264637,4.082142
X:2:C2--X:3:C4',9.240000,9.240000,5.721375,5.445528,6.486552,6.921582,6.420999,5.646426,6.419719,5.563774,6.385575,6.247759,6.778201,5.668653,5.294663,5.795016,6.810044
X:2:C2'--X:2:C8,6.240000,6.240000,3.119249,3.108068,3.093391,3.080461,3.102517,3.122125,3.087521,3.097866,3.104851,3.094546,3.074088,3.118913,3.123596,3.109879,3.075880
X:2:C2'--X:3:C8,6.240000,6.240000,3.628832,3.586758,3.735486,3.935918,3.735269,3.639329,3.857030,3.513686,3.767292,3.792328,3.992406,3.654575,3.497522,3.638999,3.838431
X:2:C3'--X:2:C8,7.740000,7.740000,4.358368,4.361061,4.450551,4.437166,4.441131,4.367127,4.440051,4.354459,4.468203,4.462347,4.426268,4.379187,4.301603,4.352331,4.442773
X:2:C3'--X:3:C8,7.740000,7.740000,4.952279,4.881856,4.266285,4.227589,4.415828,4.953032,4.309630,4.400066,4.227055,4.311801,4.242794,4.876688,4.882377,4.796631,4.122793
X:2:C4'--X:2:C8,9.240000,9.240000,4.217996,4.220564,4.439375,4.440906,4.410002,4.242141,4.429093,4.217007,4.459182,4.474517,4.421534,4.271612,4.201172,4.228135,4.455545
X:2:C5'--X:2:C8,9.240000,9.240000,4.599925,4.590051,5.033024,5.074055,4.934647,4.696059,4.986831,4.554633,5.183189,5.211208,4.993625,4.811629,4.628673,4.662809,5.089775
X:3:C1'--X:3:C2',6.240000,6.240000,1.530028,1.531778,1.530429,1.532999,1.530188,1.530881,1.531341,1.534465,1.530481,1.529636,1.532368,1.533445,1.530212,1.533540,1.532298
X:3:C1'--X:3:C3',7.740000,7.740000,2.377563,2.368678,2.371016,2.383779,2.374256,2.376080,2.368190,2.384378,2.371411,2.365486,2.380719,2.378529,2.368715,2.383047,2.374735
X:3:C1'--X:3:C4',6.240000,6.240000,2.319905,2.319287,2.316395,2.327899,2.321180,2.321392,2.322445,2.330807,2.320194,2.316757,2.328595,2.325110,2.312684,2.329183,2.324536
X:3:C1'--X:3:C5',9.240000,9.240000,3.436485,3.458344,3.493347,3.424438,3.496183,3.433957,3.471731,3.351217,3.466293,3.488170,3.414388,3.393560,3.498661,3.370107,3.423669
X:3:C1'--X:3:C8,7.740000,7.740000,2.586279,2.585473,2.581226,2.588242,2.582268,2.586284,2.585768,2.598302,2.579407,2.583432,2.590766,2.586420,2.591497,2.587390,2.583731
X:3:C1'--X:4:C8,7.740000,7.740000,4.331858,4.286477,4.355841,4.303948,4.406008,4.348144,4.270439,4.209390,4.322186,4.288643,4.281886,4.274468,4.156829,4.153996,4.171509
X:3:C1'--X:19:N1,8.400000,8.400000,4.400657,4.493255,4.496125,4.360644,4.486862,4.384576,4.547341,4.314036,4.464155,4.516495,4.382140,4.421487,4.393984,4.393542,4.409722
X:3:C2--X:4:N1,7.400000,7.400000,3.685001,3.599469,3.712757,3.770308,3.717550,3.749734,3.719278,3.710058,3.729154,3.764068,3.809503,3.653188,3.708747,3.720835,3.616438
X:3:C2--X:9:N1,8.400000,8.400000,4.878148,4.837004,4.946905,4.863359,4.949931,4.887086,4.956079,4.486071,5.008844,5.069848,4.864112,4.858430,4.788729,4.945404,4.929022
X:3:C2--X:19:N1,8.400000,8.400000,4.949507,5.162355,5.134888,5.016667,5.181407,4.919767,5.352397,4.927115,4.979927,5.168477,5.242653,5.142880,5.101297,5.006983,4.996362
X:3:C2'--X:3:C8,6.240000,6.240000,3.099239,3.090790,3.094892,3.094982,3.089425,3.098125,3.078724,3.083169,3.103839,3.090359,3.091476,3.082837,3.054184,3.082959,3.099667
X:3:C2'--X:4:C8,6.240000,6.240000,4.036960,4.061563,4.061987,4.061991,4.058164,4.068954,4.045158,4.092321,4.053992,4.043942,4.046237,4.016486,4.112139,3.949082,3.979489
X:3:C2'--X:19:N1,7.400000,7.400000,4.439961,4.497024,4.495034,4.435043,4.429710,4.417756,4.559619,4.533852,4.474435,4.541718,4.434934,4.446304,4.624791,4.490743,4.469773
X:3:C3'--X:3:C8,9.240000,9.240000,4.348109,4.365702,4.369767,4.337751,4.361288,4.340467,4.371712,4.314021,4.356263,4.376721,4.347922,4.320734,4.399320,4.301094,4.335622
X:3:C3'--X:4:C8,9.240000,9.240000,4.405628,4.395184,4.431326,4.405348,4.416542,4.397645,4.423857,4.450209,4.423370,4.386445,4.405306,4.417311,4.286421,4.401763,4.385888
X:3:C4'--X:3:C8,9.240000,9.240000,4.251948,4.291565,4.291782,4.232332,4.291793,4.242828,4.311043,4.206948,4.241975,4.311154,4.252399,4.218664,4.435177,4.178629,4.211315
X:3:C4'--X:4:C8,9.240000,9.240000,5.411384,5.372829,5.452418,5.378916,5.464640,5.387840,5.423595,5.338646,5.437991,5.382302,5.388339,5.408678,5.074816,5.359566,5.348773
X:3:C5'--X:3:C8,9.240000,9.240000,4.596791,4.695988,4.762109,4.526756,4.756113,4.576929,4.739185,4.355928,4.632494,4.782452,4.537802,4.463635,5.008062,4.354867,4.502100
X:3:C8--X:19:C1',9.240000,9.240000,5.808557,6.141398,5.982041,6.047938,6.053960,5.863158,6.147872,5.880509,5.905232,5.911255,6.218096,6.192136,5.969531,6.023915,5.742487
X:3:C8--X:19:N1,7.400000,7.400000,3.427694,3.458521,3.406674,3.471433,3.426417,3.522537,3.369473,3.487718,3.496251,3.415008,3.413839,3.435267,3.344871,3.394271,3.418309
X:4:C1'--X:4:C2',6.240000,6.240000,1.535232,1.535148,1.534056,1.533878,1.534204,1.534997,1.533980,1.533089,1.533128,1.534194,1.532832,1.534188,1.535350,1.535455,1.535540
X:4:C1'--X:4:C3',7.740000,7.740000,2.431356,2.423358,2.420929,2.423197,2.425796,2.428617,2.423340,2.422712,2.421363,2.422249,2.424332,2.435570,2.431312,2.436164,2.426205
X:4:C1'--X:4:C4',6.240000,6.240000,2.336712,2.334898,2.333583,2.334241,2.334862,2.335100,2.336528,2.334192,2.333072,2.333854,2.334978,2.335980,2.337289,2.337292,2.336180
X:4:C1'--X:4:C5',9.240000,9.240000,3.331726,3.340429,3.331348,3.332331,3.327904,3.333236,3.331433,3.333946,3.334461,3.334283,3.326231,3.328081,3.349222,3.337501,3.346738
X:4:C1'--X:4:C8,7.740000,7.740000,2.597338,2.596361,2.600829,2.598806,2.598348,2.595701,2.598878,2.597606,2.595186,2.598394,2.601639,2.601721,2.595444,2.598815,2.590188
X:4:C1'--X:5:C8,7.740000,7.740000,3.786249,3.859686,3.843377,3.801597,3.811307,3.809414,3.826588,3.809900,3.861479,3.847224,3.787426,3.763344,3.758379,3.786314,3.852464
X:4:C2'--X:4:C8,6.240000,6.240000,3.105260,3.106476,3.109192,3.102773,3.098855,3.103616,3.103059,3.094456,3.101856,3.113126,3.101675,3.114954,3.109630,3.114935,3.094835
X:4:C2'--X:5:C8,6.240000,6.240000,3.866646,3.974781,3.995124,3.903114,3.960984,3.873969,3.995329,3.910171,3.938351,3.970259,3.883744,3.780088,3.752232,3.777934,3.905627
X:4:C3'--X:4:C8,7.740000,7.740000,4.234514,4.240700,4.251590,4.237862,4.240590,4.225668,4.241016,4.238431,4.235897,4.248829,4.227985,4.222172,4.221190,4.219311,4.222760
X:4:C3'--X:5:C8,7.740000,7.740000,5.313993,5.411985,5.427547,5.333792,5.389419,5.332465,5.415656,5.327762,5.390061,5.402484,5.329401,5.234651,5.211309,5.248208,5.366872
X:4:C4'--X:4:C8,9.240000,9.240000,4.061912,4.060423,4.074496,4.065974,4.071593,4.048745,4.065027,4.074188,4.052073,4.068564,4.057913,4.055906,4.051998,4.051264,4.047866
X:4:C5'--X:4:C8,7.740000,7.740000,4.097856,4.111350,4.117576,4.107181,4.109121,4.083545,4.100008,4.123359,4.092488,4.114945,4.083095,4.082671,4.111699,4.091110,4.104823
X:4:C8--X:5:C8,9.240000,9.240000,4.105452,4.171235,4.149126,4.159971,4.159955,4.073180,4.210505,4.204404,4.104024,4.180134,4.102948,4.128758,4.057930,4.052499,4.054064
X:4:C8--X:19:N1,7.400000,7.400000,5.283103,5.312246,5.305016,5.292836,5.296363,5.272293,5.303184,5.289350,5.269256,5.309714,5.271846,5.281803,5.300445,5.273779,5.267561
X:4:C8--X:20:N1,8.400000,8.400000,5.138584,5.311501,5.242026,5.246565,5.119005,5.188877,5.258992,5.158325,5.347111,5.350609,5.268313,5.125477,5.218334,5.253020,5.207224
X:4:N1--X:9:C8,8.400000,8.400000,5.320277,5.373139,5.286550,5.436053,5.373951,5.328505,5.318700,5.325890,5.370621,5.353891,5.395453,5.449595,5.340881,5.337382,5.349117
X:4:N1--X:9:O6,3.050000,3.050000,2.830789,2.827885,2.835333,2.832664,2.837831,2.836219,2.831448,2.832157,2.830934,2.836910,2.838628,2.827138,2.840265,2.836526,2.829743
X:4:N2--X:9:N7,3.000000,3.000000,3.002965,3.014595,2.990085,3.014778,2.995747,2.998246,2.999575,2.988793,3.018990,2.988631,2.992155,3.005775,3.001183,2.980051,3.028159
X:4:N7--X:19:N2,3.000000,3.000000,2.968193,2.959114,2.969664,2.964983,2.963666,2.946407,2.957047,2.932338,2.960560,2.955083,2.963972,2.968919,2.960104,2.960261,2.930452
X:4:O6--X:19:N1,3.050000,3.050000,2.834399,2.852247,2.839764,2.843422,2.847872,2.839884,2.845608,2.845766,2.836218,2.846483,2.849342,2.852992,2.843996,2.846847,2.843159
X:5:C1'--X:5:C2',6.240000,6.240000,1.523441,1.524145,1.522741,1.524423,1.523549,1.522642,1.523852,1.524789,1.521392,1.522838,1.523663,1.523590,1.522426,1.522341,1.525818
X:5:C1'--X:5:C3',7.740000,7.740000,2.372776,2.387189,2.378164,2.380059,2.370861,2.381308,2.379335,2.377965,2.368695,2.381866,2.360731,2.374482,2.373691,2.351694,2.397223
X:5:C1'--X:5:C4',6.240000,6.240000,2.275128,2.276686,2.274207,2.277566,2.279132,2.269981,2.279559,2.284128,2.274073,2.275047,2.275970,2.274871,2.277148,2.269014,2.271691
X:5:C1'--X:5:C5',9.240000,9.240000,3.562433,3.584545,3.577658,3.567190,3.553659,3.576869,3.571886,3.549812,3.571175,3.578751,3.548192,3.558742,3.561690,3.552054,3.593365
X:5:C1'--X:5:C8,7.740000,7.740000,2.573027,2.573770,2.572353,2.573836,2.572989,2.572912,2.570959,2.572825,2.575834,2.572407,2.578717,2.573293,2.574929,2.578627,2.570759
X:5:C1'--X:6:C8,7.740000,7.740000,4.197979,4.327480,4.281457,4.280592,4.188088,4.244972,4.266835,4.182220,4.366665,4.333049,4.152747,4.125775,4.162771,4.237076,4.216213
X:5:C2'--X:5:C8,6.240000,6.240000,3.114538,3.141097,3.141035,3.128317,3.117867,3.132545,3.143145,3.106044,3.148161,3.141860,3.111575,3.096631,3.109225,3.127287,3.135085
X:5:C2'--X:6:C8,6.240000,6.240000,4.178874,4.296994,4.238061,4.247770,4.184301,4.212921,4.190896,4.201153,4.333306,4.267837,4.212198,4.155621,4.184603,4.307222,4.158020
X:5:C3'--X:5:C8,7.740000,7.740000,4.380342,4.395345,4.389933,4.386525,4.389068,4.386035,4.384745,4.377153,4.415370,4.391298,4.417422,4.374637,4.397193,4.428557,4.362384
X:5:C3'--X:6:C8,7.740000,7.740000,5.444226,5.589110,5.525008,5.538337,5.429090,5.501221,5.508705,5.450628,5.590553,5.549036,5.338800,5.382518,5.387067,5.437226,5.506769
X:5:C4'--X:5:C8,9.240000,9.240000,4.308337,4.307000,4.301823,4.300425,4.306014,4.307799,4.282287,4.302194,4.324556,4.298023,4.352264,4.321734,4.332333,4.358592,4.288093
X:5:C4'--X:6:C8,9.240000,9.240000,6.200930,6.337782,6.284301,6.297077,6.192693,6.242823,6.286856,6.198998,6.365246,6.322516,6.100966,6.113634,6.137233,6.189223,6.233056
X:5:C5'--X:5:C8,9.240000,9.240000,5.013124,5.047106,5.034189,5.002635,4.982556,5.053787,4.980616,4.959625,5.055098,5.028072,5.048784,5.029938,5.042854,5.084450,5.053323
X:5:C8--X:20:N1,8.400000,8.400000,5.362341,5.395011,5.339796,5.480012,5.306521,5.360170,5.334564,5.449191,5.415689,5.422507,5.351855,5.397975,5.400923,5.404511,5.311119
X:5:C8--X:21:N1,8.400000,8.400000,5.339642,5.625796,5.506472,5.593257,5.359021,5.448019,5.642574,5.410831,5.558700,5.564854,5.390076,5.345098,5.381258,5.240417,5.430820
X:5:N1--X:9:C8,8.400000,8.400000,4.937156,4.816941,4.697140,5.120186,4.922950,5.009659,4.702671,5.095445,5.008613,4.867347,4.963785,5.250912,5.016721,5.095812,4.949189
X:5:N1--X:10:C8,8.400000,8.400000,5.229131,5.296970,5.190020,5.269670,5.147483,5.037546,5.179605,5.131191,5.167712,5.148383,5.207490,5.182251,5.245300,5.180615,5.266239
X:5:N1--X:10:O6,3.050000,3.050000,2.849546,2.866682,2.848256,2.839747,2.844029,2.867399,2.876262,2.872197,2.857263,2.866288,2.849962,2.849183,2.842011,2.847181,2.840222
X:5:N2--X:10:N7,3.000000,3.000000,2.952772,2.981978,2.946439,2.954096,2.919375,2.908734,2.939109,2.925164,2.924794,2.937951,2.931894,2.919958,2.949172,2.913685,2.974559
X:5:N7--X:20:N2,3.000000,3.000000,2.947475,2.962098,2.943688,2.981702,2.941513,2.940424,2.936466,2.960675,2.974646,2.961082,2.939466,2.954198,2.950442,2.966564,2.947241
X:5:O6--X:20:N1,3.050000,3.050000,2.843387,2.842586,2.846107,2.840423,2.848955,2.836615,2.843302,2.836252,2.835323,2.840395,2.843532,2.841628,2.840444,2.841673,2.865079
X:6:C1'--X:6:C2',6.240000,6.240000,1.528855,1.527978,1.528589,1.527608,1.528608,1.527353,1.528108,1.529166,1.528559,1.528190,1.527228,1.527569,1.528204,1.525500,1.523214
X:6:C1'--X:6:C3',7.740000,7.740000,2.364006,2.373540,2.383303,2.352870,2.362552,2.351481,2.374909,2.353225,2.368174,2.369465,2.353219,2.352047,2.352717,2.374642,2.347458
X:6:C1'--X:6:C4',6.240000,6.240000,2.299514,2.306753,2.299945,2.300599,2.306906,2.302163,2.301432,2.300766,2.303513,2.303985,2.310340,2.303741,2.310860,2.295020,2.290243
X:6:C1'--X:6:C5',9.240000,9.240000,3.529563,3.534812,3.553222,3.508339,3.502143,3.492219,3.548480,3.495507,3.515804,3.513974,3.477733,3.494506,3.472962,3.532557,3.534026
X:6:C1'--X:6:C8,7.740000,7.740000,2.560379,2.564686,2.561020,2.568005,2.565682,2.566018,2.565720,2.565605,2.568456,2.566998,2.569389,2.565807,2.568187,2.562440,2.556381
X:6:C1'--X:7:C3',9.240000,9.240000,5.883802,6.055692,5.984835,6.037923,6.043988,6.010131,6.022037,5.980037,6.073817,6.065429,6.185142,6.019270,6.319534,5.797498,5.473142
X:6:C1'--X:24:C1',9.240000,9.240000,5.095580,5.356086,5.248109,5.230390,5.175558,5.031891,5.121555,5.092359,4.962188,5.236779,5.039606,5.110549,4.896074,5.364312,5.110442
X:6:C1'--X:24:C3',9.240000,9.240000,5.128259,5.425273,5.250744,5.236622,5.189972,5.229685,5.216061,5.133374,5.411072,5.283131,5.242247,5.216323,5.299854,5.200334,5.277754
X:6:C2'--X:6:C8,6.240000,6.240000,3.148287,3.216213,3.184416,3.164390,3.137117,3.157089,3.157727,3.139435,3.136835,3.162056,3.157570,3.159059,3.139802,3.197773,3.233303
X:6:C3'--X:6:C8,7.740000,7.740000,4.343792,4.364614,4.319059,4.376871,4.346965,4.366033,4.346307,4.355496,4.344411,4.346696,4.360612,4.353342,4.354032,4.338861,4.425151
X:6:C3'--X:7:C6,9.240000,9.240000,6.734156,6.467619,6.646007,6.407455,6.620136,6.688259,6.733102,6.313754,6.516800,6.498107,6.129184,6.291183,6.304980,7.152665,6.808024
X:6:C4'--X:6:C8,9.240000,9.240000,4.180613,4.144415,4.141676,4.200277,4.185494,4.181906,4.203953,4.190222,4.204653,4.175495,4.175894,4.162804,4.185054,4.137743,4.177512
X:6:C4'--X:7:C1',9.240000,9.240000,6.015435,5.853363,5.864196,5.889419,5.971348,6.046338,6.001183,5.831154,5.936780,5.951473,5.812261,5.840639,6.018912,5.872005,6.405440
X:6:C4'--X:7:C6,9.240000,9.240000,6.560007,6.465017,6.511727,6.450178,6.628462,6.627532,6.571555,6.350742,6.439388,6.463065,6.328550,6.325606,6.521214,6.704723,7.335873
X:6:C5'--X:6:C8,7.740000,7.740000,4.709016,4.650740,4.691070,4.692756,4.646725,4.636074,4.769744,4.655774,4.702814,4.657134,4.581469,4.608478,4.585609,4.658706,4.744980
X:6:C8--X:21:N1,8.400000,8.400000,5.267788,5.420457,5.357261,5.401120,5.344526,5.332209,5.375111,5.342336,5.362538,5.363841,5.439076,5.348354,5.353005,5.354849,5.211298
X:6:C8--X:24:C1',9.240000,9.240000,4.757649,4.847250,4.826802,4.808728,4.831573,4.776292,4.860182,4.731369,4.885643,4.807177,4.885785,4.754061,4.943229,5.160001,5.032310
X:6:C8--X:24:C2',9.240000,9.240000,4.668135,4.685956,4.657427,4.635753,4.673674,4.764182,4.768239,4.614725,4.984018,4.643048,4.891390,4.690378,5.061778,5.040498,5.247534
X:6:N1--X:10:C8,8.400000,8.400000,4.532941,4.618258,4.466610,4.684584,4.510486,4.489926,4.593656,4.570830,4.598066,4.565948,4.582281,4.698500,4.581798,4.657670,4.609329
X:6:N1--X:11:C8,8.400000,8.400000,5.325539,5.315605,5.262506,5.329452,5.291923,5.255759,5.349558,5.349793,5.356857,5.338855,5.308993,5.281347,5.350030,5.259756,5.353247
X:6:N1--X:11:O6,3.050000,3.050000,2.836800,2.839909,2.840481,2.843473,2.842980,2.845714,2.838482,2.837022,2.839833,2.839779,2.844542,2.856002,2.848009,2.855604,2.837397
X:6:N1--X:24:C1',7.400000,7.400000,4.185103,4.242472,4.251115,4.208125,4.237302,4.215193,4.255519,4.228298,4.301580,4.240411,4.204779,4.201994,4.162226,4.333826,4.365725
X:6:N1--X:24:C2',8.400000,8.400000,4.162189,4.213243,4.198247,4.200626,4.208394,4.326259,4.261591,4.189722,4.390574,4.227317,4.276424,4.176943,4.371670,4.384386,4.631715
X:6:N1--X:24:C6,8.400000,8.400000,3.959522,3.915488,3.936805,3.912391,3.965433,3.908942,3.955866,3.956419,3.942138,3.919284,4.010642,3.990586,4.054623,4.031807,4.040619
X:6:N1--X:24:C7,7.280000,7.280000,5.319714,5.189335,5.220795,5.216802,5.275088,5.197317,5.241567,5.242566,5.106951,5.212459,5.343243,5.313827,5.477819,5.266446,5.261958
X:6:N2--X:11:N7,3.000000,3.000000,2.962588,2.956719,2.961099,2.960766,2.958581,2.934512,2.977960,2.971407,2.968004,2.960782,2.943559,2.933280,2.929978,2.919062,2.982598
X:6:N7--X:21:N2,3.000000,3.000000,2.924371,2.962410,2.941435,2.960096,2.961143,2.935913,2.952060,2.937669,2.949361,2.963836,2.970234,2.940192,2.950331,2.935088,2.913366
X:6:O6--X:21:N1,3.050000,3.050000,2.882952,2.852935,2.865425,2.848259,2.870434,2.866608,2.867440,2.862866,2.863150,2.864590,2.846381,2.863637,2.850003,2.859783,2.860220
X:7:C1'--X:7:C2',6.240000,6.240000,1.529929,1.529656,1.529761,1.529539,1.528330,1.531917,1.531247,1.528792,1.530034,1.530653,1.531001,1.531333,1.530372,1.529493,1.531146
X:7:C1'--X:7:C3',7.740000,7.740000,2.379867,2.353849,2.350605,2.358495,2.358082,2.354786,2.373644,2.361233,2.375982,2.383593,2.342011,2.349967,2.348219,2.348215,2.353317
X:7:C1'--X:7:C4',6.240000,6.240000,2.311362,2.322572,2.308915,2.312211,2.310890,2.312829,2.308586,2.315372,2.310937,2.317768,2.311609,2.315157,2.313976,2.287150,2.311616
X:7:C1'--X:7:C5',9.240000,9.240000,3.501013,3.457712,3.486764,3.425827,3.452886,3.452263,3.519808,3.420071,3.514110,3.519068,3.433683,3.428168,3.429232,3.558074,3.467381
X:7:C1'--X:7:C6,7.740000,7.740000,2.492454,2.501624,2.497703,2.498663,2.498091,2.504290,2.497901,2.501007,2.497126,2.495270,2.496713,2.496718,2.496414,2.514283,2.511872
X:7:C1'--X:7:C7,8.620001,8.620001,4.971860,4.983954,4.976531,4.979493,4.978283,4.987114,4.981285,4.983146,4.980474,4.978030,4.976156,4.976797,4.979505,4.999463,4.994766
X:7:C1'--X:8:C6,7.740000,7.740000,4.431465,4.427300,4.637220,4.171784,4.596952,3.982170,4.425564,4.584015,4.441091,4.249031,5.361578,4.534021,5.151573,4.037088,3.988457
X:7:C2'--X:7:C6,6.240000,6.240000,3.053133,3.061072,3.034094,3.061561,3.057353,3.046110,3.073023,3.053007,3.101154,3.103388,3.081001,3.065748,3.082420,3.039210,3.033918
X:7:C2'--X:8:C6,9.240000,9.240000,4.643894,5.384625,5.273363,4.675053,5.065111,4.192424,4.727051,4.995225,4.721707,4.456524,5.638493,5.055845,5.497566,4.104936,4.157944
X:7:C3'--X:7:C6,7.740000,7.740000,4.192634,4.238122,4.237065,4.240420,4.244653,4.236349,4.238184,4.224522,4.251916,4.204056,4.259580,4.214469,4.254100,4.314387,4.264539
X:7:C3'--X:8:C6,9.240000,9.240000,4.631826,4.921308,4.810295,4.211201,4.505558,4.410887,4.640577,4.341140,4.578999,4.421118,4.663442,4.497496,4.564557,4.358815,4.560270
X:7:C4'--X:7:C6,7.740000,7.740000,4.028161,4.050062,4.110784,4.031619,4.040270,4.077671,4.074671,4.010688,4.060193,3.995313,4.028943,3.988937,4.016001,4.271078,4.154742
X:7:C4'--X:8:C1',9.240000,9.240000,6.428871,5.211450,6.120636,5.247065,5.772785,5.959093,6.382916,5.517232,6.462786,5.915469,5.376126,5.161156,4.908587,6.086659,6.197616
X:7:C4'--X:8:C6,9.240000,9.240000,5.060167,4.304107,4.637462,4.264011,4.540027,5.045427,4.987921,4.356398,4.922069,4.829594,4.641940,4.467721,4.464600,5.050421,5.267608
X:7:C5'--X:7:C6,7.740000,7.740000,4.444340,4.376030,4.545049,4.314410,4.375743,4.424202,4.550678,4.265194,4.515360,4.414714,4.329572,4.250209,4.299217,4.958235,4.561472
X:7:C5'--X:8:C6,9.240000,9.240000,6.574669,5.567085,6.029628,5.744931,5.975493,6.565681,6.489421,5.782383,6.417494,6.338225,5.901946,5.910667,5.743596,6.555963,6.771904
X:7:C6--X:7:C7,5.120000,5.120000,2.483985,2.486773,2.486088,2.484441,2.483752,2.486974,2.486892,2.486114,2.487021,2.486377,2.484103,2.483679,2.486592,2.487998,2.486003
X:8:C1'--X:8:C2',6.240000,6.240000,1.531385,1.533604,1.533530,1.535724,1.533660,1.529872,1.531349,1.532977,1.536360,1.529864,1.534408,1.534252,1.534647,1.531197,1.530693
X:8:C1'--X:8:C3',7.740000,7.740000,2.384026,2.434329,2.441107,2.409213,2.387807,2.367155,2.398472,2.376426,2.408620,2.340212,2.403463,2.423896,2.401536,2.354541,2.394607
X:8:C1'--X:8:C4',6.240000,6.240000,2.320029,2.346155,2.347413,2.333027,2.327483,2.314382,2.327064,2.325674,2.329994,2.312143,2.330606,2.329987,2.324653,2.310778,2.307370
X:8:C1'--X:8:C5',9.240000,9.240000,3.471631,3.544228,3.499398,3.465442,3.434793,3.476276,3.474163,3.421666,3.457706,3.433383,3.459069,3.529364,3.504900,3.440780,3.550894
X:8:C1'--X:8:C6,7.740000,7.740000,2.486225,2.525254,2.510961,2.503346,2.507468,2.491586,2.488050,2.510649,2.493217,2.489571,2.504203,2.500631,2.510709,2.495143,2.489641
X:8:C2'--X:8:C6,6.240000,6.240000,3.076577,3.013464,3.021354,3.037661,3.061661,3.061228,3.055845,3.067664,3.014969,3.086288,3.055894,3.077441,3.045998,3.065735,3.120008
X:8:C3'--X:8:C6,7.740000,7.740000,4.149398,3.598961,3.702461,4.125685,4.203603,4.225325,4.107024,4.233760,4.083855,4.265653,4.119376,4.046700,4.157863,4.260464,4.194366
X:8:C4'--X:8:C6,9.240000,9.240000,3.914363,3.866900,3.793094,3.999298,4.030858,4.040688,3.916393,4.054639,3.949355,4.034525,3.966707,3.940305,4.071107,4.063149,4.003127
X:8:C4'--X:9:C8,9.240000,9.240000,5.664546,6.438492,6.722397,5.123815,5.359885,6.335140,6.443331,5.208647,6.583870,6.282978,5.720732,5.546610,5.735741,6.205682,6.095360
X:8:C5--X:8:C6,6.240000,6.240000,1.354979,1.358261,1.356471,1.356519,1.357551,1.358053,1.354806,1.356920,1.352800,1.357199,1.357404,1.356872,1.357225,1.357484,1.357360
X:8:C5'--X:8:C6,7.740000,7.740000,4.213567,4.311133,4.074362,4.291903,4.293458,4.415384,4.203788,4.308923,4.216481,4.341183,4.237454,4.332783,4.480749,4.393927,4.511043
X:9:C1'--X:9:C2',6.240000,6.240000,1.530194,1.528689,1.532320,1.535236,1.537716,1.533778,1.531103,1.535242,1.534328,1.533329,1.535761,1.534001,1.535443,1.531026,1.529836
X:9:C1'--X:9:C3',7.740000,7.740000,2.431198,2.436014,2.442357,2.428289,2.445854,2.404474,2.438389,2.423677,2.411732,2.405852,2.423796,2.413201,2.414373,2.402643,2.422868
X:9:C1'--X:9:C4',6.240000,6.240000,2.328653,2.286527,2.292588,2.335580,2.340431,2.336751,2.288112,2.335470,2.337009,2.330466,2.341303,2.334272,2.341025,2.332070,2.295380
X:9:C1'--X:9:C5',9.240000,9.240000,3.549780,3.649851,3.641317,3.400484,3.413388,3.376677,3.645343,3.336715,3.323807,3.412045,3.314450,3.335395,3.325155,3.364246,3.629633
X:9:C1'--X:9:C8,7.740000,7.740000,2.578333,2.566694,2.566367,2.594625,2.583924,2.583540,2.572154,2.589438,2.589695,2.579742,2.597834,2.594024,2.596603,2.590798,2.575819
X:9:C1'--X:10:C8,7.740000,7.740000,3.842029,3.966229,3.924295,3.801413,3.696908,3.949388,3.913575,3.835606,3.871528,3.920350,3.771756,3.945610,3.828410,4.057940,3.960241
X:9:C1'--X:12:C2,9.240000,9.240000,6.055211,5.916177,5.979344,6.610070,6.233373,6.289289,5.836829,6.233757,6.084379,6.119275,6.555502,6.406693,6.530667,6.481510,5.866189
X:9:C1'--X:14:C7,8.120001,8.120001,4.277278,4.158212,4.263048,4.451490,4.401338,4.332584,4.260845,4.353801,4.364782,4.176101,4.370092,4.257521,4.368481,4.438212,4.169078
X:9:C2'--X:9:C8,6.240000,6.240000,3.112500,3.179987,3.167853,3.090767,3.077720,3.094738,3.149890,3.089235,3.110294,3.095055,3.100954,3.093284,3.110366,3.086385,3.167411
X:9:C2'--X:10:C8,6.240000,6.240000,3.587266,3.399551,3.441660,3.954350,3.728491,4.104379,3.408799,3.906809,3.915524,4.005507,3.859542,4.023333,3.869219,4.207097,3.634972
X:9:C3'--X:9:C8,7.740000,7.740000,4.161811,4.100327,4.150739,4.247355,4.167534,4.292441,4.084680,4.205619,4.247719,4.297334,4.221352,4.249944,4.233191,4.320924,4.228608
X:9:C3'--X:10:C8,9.240000,9.240000,5.038117,4.826346,4.881541,5.339169,5.142309,5.531871,4.850073,5.355428,5.361705,5.411241,5.325948,5.489928,5.343334,5.651761,5.099611
X:9:C4'--X:9:C8,9.240000,9.240000,4.123393,4.187154,4.179187,4.125309,4.050183,4.129379,4.207728,4.018982,4.051597,4.151914,4.042533,4.086939,4.036640,4.180929,4.231783
X:9:C4'--X:14:C7,8.120001,8.120001,4.691134,4.717604,4.830350,4.685588,4.650908,4.531028,4.758197,4.549295,4.539058,4.366734,4.533744,4.431402,4.591139,4.508865,4.631778
X:9:C5'--X:9:C8,7.740000,7.740000,4.597038,5.018000,4.962592,4.311129,4.221942,4.281558,5.040537,4.047009,4.075854,4.387112,4.030774,4.146855,4.038181,4.343588,4.988673
X:9:C5'--X:14:C7,8.120001,8.120001,4.987372,5.132866,5.260694,4.863063,4.718221,4.841205,5.080440,4.761576,4.761039,4.702437,4.757581,4.757892,4.947059,4.920028,5.036364
X:9:C8--X:10:C8,7.740000,7.740000,4.246565,4.289002,4.326945,4.296245,4.322262,4.002969,4.329827,4.147480,4.088437,4.095280,3.985317,3.966458,3.946530,3.859754,4.194762
X:9:N1--X:14:C2',8.400000,8.400000,5.879066,5.612961,5.689757,6.363625,5.867451,5.906816,5.609507,6.005243,5.869440,5.843840,6.235914,6.081414,6.031546,6.175515,5.657396
X:9:N1--X:14:C6,8.400000,8.400000,4.608332,4.623344,4.613795,4.713359,4.589414,4.633312,4.668883,4.782989,4.666602,4.584285,4.688447,4.768024,4.666505,4.835214,4.522784
X:9:N1--X:15:C8,8.400000,8.400000,5.611957,5.595247,5.608579,5.470250,5.550857,5.592853,5.596341,5.590129,5.590518,5.554957,5.419400,5.474995,5.500674,5.456264,5.579955
X:9:N1--X:15:O6,3.050000,3.050000,2.820935,2.833672,2.830201,2.839101,2.839181,2.828210,2.828861,2.830180,2.829470,2.828085,2.833198,2.839825,2.832170,2.838546,2.828649
X:9:N2--X:15:N7,3.000000,3.000000,3.000708,3.022821,3.030413,2.977726,3.019272,3.032824,3.027121,3.015036,3.019206,3.027119,2.979341,2.970335,2.980687,2.978760,3.011257
X:10:C1'--X:10:C2',6.240000,6.240000,1.527777,1.527190,1.528573,1.527085,1.528334,1.528936,1.528342,1.529513,1.529327,1.530047,1.527240,1.527445,1.528788,1.527187,1.529930
X:10:C1'--X:10:C3',7.740000,7.740000,2.418034,2.417801,2.419990,2.414526,2.420053,2.421674,2.422495,2.423817,2.421878,2.427668,2.411324,2.411484,2.422302,2.410084,2.435978
X:10:C1'--X:10:C4',6.240000,6.240000,2.293617,2.313296,2.310044,2.289627,2.298781,2.269472,2.315048,2.285195,2.271953,2.278740,2.276448,2.269152,2.274388,2.262098,2.292912
X:10:C1'--X:10:C5',7.740000,7.740000,3.568536,3.527933,3.534281,3.563031,3.559990,3.610487,3.538269,3.595596,3.606152,3.604784,3.591725,3.599204,3.609149,3.602420,3.599069
X:10:C1'--X:10:C8,7.740000,7.740000,2.570457,2.569524,2.572809,2.573279,2.566450,2.567104,2.566969,2.570614,2.570178,2.565411,2.571685,2.569567,2.574138,2.573693,2.570442
X:10:C1'--X:11:C8,7.740000,7.740000,4.083558,4.131466,4.063375,4.110215,4.058090,4.057849,4.071645,4.043870,4.042216,4.028529,4.081034,4.197252,4.053978,4.120859,3.961665
X:10:C1'--X:12:C2,9.240000,9.240000,4.995813,5.279122,5.093825,5.114647,5.046945,5.006547,5.232294,4.926609,4.924252,4.929489,5.232612,4.844319,5.028849,4.923626,5.047120
X:10:C2'--X:10:C8,6.240000,6.240000,3.096837,3.092521,3.098726,3.095345,3.100041,3.097197,3.095589,3.098155,3.098699,3.096468,3.091690,3.076605,3.105866,3.063714,3.122606
X:10:C2'--X:11:C8,6.240000,6.240000,4.137711,4.209509,4.141245,4.225742,4.090353,4.094746,4.082101,4.088860,4.081434,4.018670,4.208659,4.350813,4.146627,4.331453,3.903367
X:10:C3'--X:10:C8,7.740000,7.740000,4.319263,4.309422,4.310177,4.333336,4.308045,4.317472,4.285254,4.321528,4.322066,4.290566,4.356263,4.354682,4.342258,4.363573,4.275503
X:10:C3'--X:11:C8,9.240000,9.240000,5.174618,5.235776,5.183611,5.264835,5.168821,5.152561,5.170236,5.143142,5.149044,5.132197,5.240765,5.336750,5.199075,5.325375,5.035298
X:10:C4'--X:10:C8,9.240000,9.240000,4.257033,4.207319,4.212728,4.273763,4.218001,4.300531,4.173357,4.284787,4.307013,4.268287,4.328216,4.355765,4.326501,4.393071,4.228470
X:10:C4'--X:12:C1',9.240000,9.240000,6.436611,6.396662,6.337547,6.504979,6.464784,6.353250,6.421227,6.342930,6.242594,6.176498,6.518520,6.160642,6.389555,6.183820,6.229097
X:10:C4'--X:12:C2,9.240000,9.240000,5.456367,5.678157,5.497030,5.546462,5.458294,5.128783,5.660747,5.189922,5.111007,5.098011,5.615559,5.341327,5.436784,5.344119,5.322633
X:10:C5'--X:10:C8,9.240000,9.240000,4.909840,4.711072,4.736624,4.932123,4.824010,5.125077,4.677021,5.027010,5.117423,5.042771,5.104851,5.185933,5.143597,5.267285,4.933788
X:10:C5'--X:12:C2,9.240000,9.240000,6.321836,6.459940,6.296388,6.442477,6.316411,5.788621,6.457928,5.961436,5.803880,5.762653,6.457568,6.226779,6.279404,6.194767,6.014632
X:10:C8--X:11:C8,9.240000,9.240000,5.271699,5.346166,5.277864,5.238492,5.204686,5.222111,5.254379,5.209723,5.179302,5.161127,5.134519,5.276586,5.185132,5.126877,5.194360
X:10:N1--X:15:C8,8.400000,8.400000,6.013894,6.082692,6.025234,5.824307,5.915482,5.857368,6.071672,5.936392,5.950325,5.935716,5.879109,5.871686,5.775796,5.875146,5.947360
X:10:N1--X:16:C8,8.400000,8.400000,5.410205,5.464501,5.409196,5.473624,5.318222,5.338547,5.389298,5.431165,5.388075,5.513065,5.357759,5.429857,5.432289,5.428728,5.330404
X:10:N1--X:16:O6,3.050000,3.050000,2.840885,2.841183,2.841740,2.840159,2.845044,2.861724,2.835902,2.861174,2.840145,2.830242,2.844680,2.840943,2.863207,2.841317,2.878090
X:10:N2--X:16:N7,3.000000,3.000000,2.979849,3.030498,2.989754,2.970433,2.943983,2.932769,3.006625,2.964029,2.956323,3.018337,2.954285,2.975934,2.956842,2.970580,2.954527
X:11:C1'--X:11:C2',6.240000,6.240000,1.533644,1.535170,1.534804,1.534188,1.533362,1.533671,1.533108,1.535001,1.535292,1.532828,1.533379,1.534672,1.533700,1.534755,1.532208
X:11:C1'--X:11:C3',7.740000,7.740000,2.396418,2.399794,2.400338,2.394424,2.392920,2.395905,2.391860,2.397532,2.399804,2.395136,2.391834,2.399876,2.389711,2.401484,2.386729
X:11:C1'--X:11:C4',6.240000,6.240000,2.327915,2.329638,2.329129,2.327093,2.326678,2.330667,2.325929,2.327757,2.328939,2.327950,2.327042,2.327085,2.323424,2.327632,2.323682
X:11:C1'--X:11:C5',9.240000,9.240000,3.312996,3.314184,3.314691,3.328608,3.326765,3.336410,3.326159,3.317478,3.325639,3.337855,3.328418,3.330192,3.328543,3.334511,3.345612
X:11:C1'--X:11:C8,7.740000,7.740000,2.592119,2.591497,2.591060,2.588133,2.587908,2.585038,2.587676,2.592737,2.589470,2.584171,2.588539,2.586057,2.585178,2.583248,2.580838
X:11:C1'--X:12:C8,9.240000,9.240000,5.067758,4.950124,4.975978,4.992395,4.978158,4.937186,4.825735,5.058116,4.994710,4.902444,5.062249,5.118588,4.919650,5.066901,4.693644
X:11:C1'--X:24:C7,8.120001,8.120001,5.711104,5.838343,5.806030,5.774458,5.729810,5.581405,5.723244,5.767427,5.872693,5.793550,5.693779,5.841172,5.398605,5.697954,5.671507
X:11:C2'--X:11:C8,6.240000,6.240000,3.157139,3.154606,3.163353,3.151095,3.162304,3.142678,3.169650,3.155740,3.153353,3.159577,3.148462,3.148001,3.158613,3.147647,3.181542
X:11:C3'--X:11:C8,7.740000,7.740000,4.232099,4.232182,4.230566,4.240016,4.243414,4.234817,4.247066,4.239310,4.233189,4.244868,4.240771,4.217279,4.243340,4.214576,4.264529
X:11:C4'--X:11:C8,9.240000,9.240000,3.977568,3.977136,3.965401,3.988898,3.977229,3.991890,3.973818,3.991833,3.982491,3.982470,3.994001,3.952216,3.969888,3.946046,3.973643
X:11:C4'--X:12:C8,7.740000,7.740000,3.815637,3.722248,3.734524,3.713598,3.716457,3.664394,3.676565,3.767327,3.747891,3.711172,3.772815,3.834508,3.716765,3.807882,3.644041
X:11:C5'--X:11:C8,7.740000,7.740000,3.956120,3.956328,3.941589,4.003832,3.984532,4.016247,3.979981,3.985587,3.986157,4.012263,4.009180,3.952511,3.983382,3.952828,4.022671
X:11:C5'--X:12:C1',9.740000,9.740000,4.291706,4.276100,4.275953,4.320881,4.304233,4.309711,4.296339,4.299990,4.288404,4.288914,4.329731,4.299273,4.322042,4.300936,4.337002
X:11:C5'--X:12:C8,7.740000,7.740000,4.773433,4.631910,4.657521,4.715590,4.678714,4.610188,4.622143,4.721320,4.694289,4.667688,4.774746,4.839665,4.765391,4.829206,4.655258
X:11:C8--X:24:C6,7.740000,7.740000,5.343978,5.431052,5.416448,5.455612,5.394432,5.265671,5.356839,5.467779,5.525657,5.465373,5.333674,5.458616,5.029307,5.449667,5.248764
X:11:C8--X:24:C7,8.120001,8.120001,4.169689,4.143515,4.149386,4.161331,4.137513,3.960316,4.076303,4.203869,4.244511,4.180434,4.163186,4.327261,3.908087,4.189829,3.973256
X:11:N1--X:16:C8,8.400000,8.400000,4.742508,4.830187,4.838566,4.794672,4.849917,4.745785,4.892699,4.910860,4.890915,4.993430,4.819421,4.694814,4.610959,4.696841,4.717010
X:11:N1--X:17:C8,8.400000,8.400000,5.376130,5.476034,5.458728,5.467939,5.405338,5.392653,5.468774,5.434611,5.434986,5.395675,5.445957,5.383022,5.356234,5.354406,5.330794
X:11:N1--X:17:O6,3.050000,3.050000,2.843486,2.842718,2.841685,2.843356,2.847746,2.849929,2.841097,2.841835,2.844399,2.862338,2.844133,2.844408,2.847044,2.845112,2.846754
X:11:N2--X:17:N7,3.000000,3.000000,2.953427,3.011091,2.987852,2.987591,2.957594,2.976363,2.986607,2.973954,2.989006,2.977542,2.961744,2.965265,2.943459,2.972873,2.963873
X:12:C1'--X:12:C2',6.240000,6.240000,1.528465,1.526962,1.528358,1.529068,1.527702,1.525956,1.527162,1.528440,1.528707,1.527542,1.529708,1.529351,1.527601,1.530283,1.528226
X:12:C1'--X:12:C3',7.740000,7.740000,2.369677,2.363455,2.358188,2.379807,2.364797,2.362111,2.355786,2.367397,2.363862,2.359405,2.385178,2.384266,2.380147,2.382374,2.360641
X:12:C1'--X:12:C4',6.240000,6.240000,2.322241,2.319956,2.317765,2.327901,2.318774,2.315198,2.314136,2.321200,2.320105,2.317154,2.328084,2.327767,2.326636,2.328286,2.318370
X:12:C1'--X:12:C5',9.240000,9.240000,3.379449,3.409754,3.393091,3.341089,3.363730,3.367056,3.398273,3.369660,3.381360,3.384070,3.340202,3.310870,3.318234,3.302533,3.384787
X:12:C1'--X:12:C8,7.740000,7.740000,2.590710,2.584803,2.584982,2.596599,2.587985,2.585874,2.584355,2.590294,2.588069,2.584711,2.598545,2.598820,2.598431,2.598028,2.582446
X:12:C1'--X:13:C2',9.740000,9.740000,5.753926,5.828679,5.786467,5.746609,5.761132,5.746693,5.816310,5.743200,5.770532,5.796722,5.815024,5.778195,5.748043,5.736988,5.809105
X:12:C1'--X:13:C3',9.240000,9.240000,5.550918,5.579314,5.548852,5.570863,5.549839,5.536409,5.560027,5.547197,5.546247,5.551050,5.626930,5.573849,5.579601,5.556652,5.543886
X:12:C1'--X:13:C4',9.240000,9.240000,4.076917,4.089223,4.064495,4.109064,4.073981,4.062798,4.073837,4.073882,4.067605,4.066901,4.158940,4.119078,4.125512,4.106027,4.058447
X:12:C1'--X:13:C5',9.240000,9.240000,4.181363,4.172335,4.174080,4.216333,4.195265,4.190296,4.196175,4.188106,4.174415,4.175597,4.240696,4.223275,4.224130,4.213977,4.178554
X:12:C1'--X:13:C6,9.240000,9.240000,5.280912,5.464614,5.432278,5.363331,5.383899,5.384719,5.567141,5.311126,5.368333,5.438799,5.386287,5.319733,5.306213,5.286269,5.507382
X:12:C2--X:13:C1',9.240000,9.240000,4.663232,4.514483,4.551000,5.549738,4.625587,4.555936,4.436051,4.671508,4.605615,4.495522,5.406575,5.829570,5.524300,5.761531,4.408667
X:12:C2--X:13:C4',9.240000,9.240000,4.979582,4.630533,4.735742,5.184572,4.849789,4.830913,4.546732,4.986543,4.860241,4.695192,5.184250,5.275705,5.072791,5.261895,4.554383
X:12:C2--X:14:C2',9.240000,9.240000,5.610711,5.569777,5.314548,5.604916,5.320502,5.327610,5.065389,5.507497,5.461241,5.425336,5.267508,5.493692,5.268310,5.598621,5.395166
X:12:C2--X:14:C6,9.240000,9.240000,5.991033,5.805516,5.931448,5.799660,5.827184,5.850913,5.862759,5.984507,5.973408,5.846554,5.771256,6.030404,5.907483,6.063411,5.858332
X:12:C2--X:14:C7,6.620000,6.620000,6.460832,6.429445,6.430987,6.348793,6.397301,6.418491,6.406385,6.318637,6.478216,6.347169,6.410865,6.502592,6.488292,6.494215,6.411094
X:12:C2--X:15:C8,9.740000,9.740000,5.295075,5.627946,5.547026,4.767601,5.260952,5.250738,5.735060,5.176696,5.355282,5.503496,4.828923,4.654497,4.739108,4.645604,5.701348
X:12:C2'--X:12:C8,6.240000,6.240000,3.063997,3.061764,3.066395,3.091778,3.073471,3.069485,3.070731,3.071837,3.064992,3.064374,3.088559,3.079002,3.094187,3.082678,3.065170
X:12:C2'--X:13:C1',9.240000,9.240000,4.920330,5.000032,4.846099,4.682599,4.807712,4.834660,4.793789,4.866459,4.901573,4.870281,4.818122,4.688371,4.669301,4.659503,4.816410
X:12:C2'--X:13:C5,9.240000,9.240000,5.721569,5.832264,5.833861,5.071813,5.742025,5.810597,5.918745,5.762425,5.817313,5.842370,5.224322,4.877648,4.882980,4.829823,5.828104
X:12:C2'--X:13:C6,9.240000,9.240000,5.041712,5.133842,5.091345,4.707410,5.038412,5.081316,5.138487,5.051583,5.090349,5.102135,4.816602,4.615856,4.618380,4.592397,5.087148
X:12:C3'--X:12:C8,7.740000,7.740000,4.395859,4.396393,4.395234,4.365593,4.378560,4.379218,4.393585,4.386725,4.392431,4.387582,4.363230,4.363403,4.360599,4.361425,4.376651
X:12:C4'--X:12:C8,9.240000,9.240000,4.313006,4.312024,4.304342,4.215671,4.258389,4.268324,4.291755,4.283472,4.301738,4.287148,4.222706,4.227680,4.201966,4.217130,4.262057
X:12:C5'--X:12:C8,7.740000,7.740000,4.586322,4.641408,4.605353,4.357069,4.481706,4.511374,4.601444,4.525075,4.577010,4.566058,4.366627,4.326183,4.299093,4.297328,4.525782
X:12:C8--X:13:C5,9.240000,9.240000,4.736053,5.057667,5.016630,5.399565,5.061108,5.087318,5.325378,4.868047,4.938443,5.071024,5.491815,5.787128,5.577352,5.581255,5.228092
X:12:C8--X:13:C6,9.240000,9.240000,4.437090,4.688559,4.595952,5.248400,4.705080,4.698928,4.833619,4.535347,4.559265,4.659638,5.319469,5.580702,5.438770,5.430626,4.791759
X:13:C1'--X:13:C2',6.240000,6.240000,1.525704,1.526980,1.526542,1.531816,1.528133,1.527901,1.527647,1.526333,1.526296,1.527593,1.533364,1.535442,1.533262,1.533735,1.525753
X:13:C1'--X:13:C3',7.740000,7.740000,2.373211,2.360878,2.396569,2.345631,2.390480,2.393352,2.407922,2.385036,2.383930,2.390162,2.365973,2.364550,2.350793,2.354615,2.391948
X:13:C1'--X:13:C4',6.240000,6.240000,2.282214,2.301301,2.273745,2.315517,2.272722,2.274518,2.270002,2.274880,2.280775,2.278210,2.319877,2.329852,2.324552,2.327079,2.281909
X:13:C1'--X:13:C5',9.240000,9.240000,3.584976,3.551171,3.611989,3.406263,3.603027,3.599931,3.620949,3.600279,3.597973,3.604684,3.405408,3.320777,3.363766,3.348626,3.607486
X:13:C1'--X:13:C6,7.740000,7.740000,2.490275,2.494186,2.490245,2.522211,2.493300,2.490495,2.489641,2.491210,2.490674,2.490100,2.520758,2.527313,2.526110,2.528877,2.490622
X:13:C1'--X:14:C2',9.740000,9.740000,5.886378,6.045419,5.743908,6.724381,5.836419,5.812668,5.602089,5.832447,5.845459,5.823540,6.245245,6.409234,6.371629,6.460538,5.805288
X:13:C1'--X:14:C3',9.240000,9.240000,5.240732,5.308139,5.121702,6.223182,5.258765,5.169239,4.978305,5.204716,5.204291,5.206820,5.536913,5.919304,5.788664,5.969740,5.135669
X:13:C1'--X:14:C6,9.740000,9.740000,7.743723,7.793420,7.867907,8.537275,7.866077,7.855945,7.894686,7.774485,7.871840,7.852894,8.294118,8.216910,8.364466,8.223170,7.850994
X:13:C1'--X:15:C8,9.740000,9.740000,6.353911,6.430006,6.304435,7.284782,6.424850,6.343634,6.276673,6.353255,6.343272,6.335969,7.257250,7.345105,7.238530,7.266176,6.312970
X:13:C2'--X:13:C6,6.240000,6.240000,3.097072,3.063556,3.134861,3.049920,3.115245,3.103571,3.153611,3.104990,3.103570,3.120005,3.047914,3.056092,3.053257,3.060060,3.114092
X:13:C3'--X:13:C6,7.740000,7.740000,4.303107,4.321169,4.279100,4.346292,4.283902,4.264182,4.244433,4.293529,4.289823,4.283964,4.309465,4.281816,4.326011,4.314182,4.268683
X:13:C4'--X:13:C6,9.240000,9.240000,4.174351,4.181761,4.160144,4.237221,4.179186,4.158600,4.140026,4.181975,4.169178,4.162698,4.189696,4.117785,4.199490,4.169254,4.153325
X:13:C5--X:13:C6,6.240000,6.240000,1.356163,1.355591,1.356529,1.357286,1.357231,1.357643,1.357275,1.356904,1.355205,1.357934,1.357914,1.357253,1.358716,1.357200,1.355673
X:13:C5'--X:13:C6,7.740000,7.740000,4.882252,4.787067,4.933562,4.576036,4.945533,4.907528,4.934737,4.939531,4.901700,4.912440,4.492775,4.223464,4.426044,4.349514,4.894966
X:14:C1'--X:14:C2',6.240000,6.240000,1.523700,1.523146,1.522454,1.526126,1.522080,1.522140,1.520992,1.524747,1.523003,1.522035,1.527757,1.523104,1.522200,1.524175,1.522654
X:14:C1'--X:14:C3',7.740000,7.740000,2.368483,2.352401,2.361018,2.348905,2.356417,2.363700,2.352246,2.360435,2.363858,2.364486,2.391952,2.337393,2.350068,2.347340,2.368991
X:14:C1'--X:14:C4',6.240000,6.240000,2.334006,2.333016,2.330738,2.329585,2.331863,2.331648,2.330201,2.329664,2.333929,2.333734,2.333861,2.317947,2.314371,2.322106,2.330457
X:14:C1'--X:14:C5',7.740000,7.740000,3.376617,3.428024,3.393266,3.382990,3.393290,3.402724,3.404741,3.392913,3.398052,3.402918,3.450788,3.441336,3.524628,3.457230,3.383705
X:14:C1'--X:14:C6,7.740000,7.740000,2.495374,2.502786,2.492589,2.494500,2.493120,2.495260,2.491112,2.492438,2.493565,2.495448,2.492739,2.489637,2.490315,2.489788,2.496308
X:14:C1'--X:15:C8,9.740000,9.740000,4.698649,4.795719,4.744578,4.513351,4.658617,4.681349,4.746928,4.795425,4.709900,4.700023,4.556425,4.653529,4.637854,4.621963,4.720860
X:14:C2'--X:14:C6,6.240000,6.240000,3.297083,3.488475,3.232385,3.351277,3.268602,3.290755,3.185023,3.232543,3.298434,3.304462,3.270400,3.194060,3.200462,3.214591,3.312379
X:14:C2'--X:15:C8,7.740000,7.740000,3.469372,3.390133,3.611059,3.431065,3.518617,3.499077,3.728787,3.602820,3.510839,3.516181,3.583828,3.631474,3.604984,3.566104,3.510728
X:14:C3'--X:14:C6,7.740000,7.740000,4.307512,4.508176,4.302420,4.385178,4.322921,4.328661,4.295388,4.284617,4.330331,4.338677,4.271959,4.286238,4.315483,4.296058,4.334456
X:14:C3'--X:15:C8,7.740000,7.740000,4.331955,4.038197,4.364904,4.547017,4.398201,4.373767,4.392349,4.461993,4.358810,4.389574,4.700690,4.566587,4.514849,4.537383,4.308233
X:14:C4'--X:14:C6,7.740000,7.740000,3.853838,4.023918,3.907392,3.916758,3.906247,3.899566,3.944310,3.884358,3.891686,3.900175,3.860725,3.955251,4.024289,3.954746,3.876989
X:14:C5'--X:14:C6,7.740000,7.740000,3.977981,4.407565,4.081286,4.114872,4.084161,4.089976,4.150448,4.045494,4.072147,4.092130,4.098886,4.245524,4.493424,4.265544,4.032337
X:14:C6--X:14:C7,5.120000,5.120000,2.483680,2.476572,2.484175,2.486171,2.482358,2.483378,2.484070,2.479218,2.481499,2.470569,2.484586,2.473085,2.484240,2.481191,2.482306
X:14:C6--X:15:C8,9.240000,9.240000,5.842268,6.139926,6.052855,5.373252,5.830067,5.846011,6.169335,5.865928,5.909570,5.880052,5.526997,5.720891,5.706582,5.627896,6.015574
X:15:C1'--X:15:C2',6.240000,6.240000,1.528924,1.532179,1.529808,1.529020,1.531097,1.530947,1.530418,1.528350,1.527791,1.530117,1.529465,1.528822,1.528803,1.528344,1.531369
X:15:C1'--X:15:C3',7.740000,7.740000,2.388823,2.390767,2.389990,2.398073,2.396270,2.390081,2.386388,2.385950,2.386096,2.389070,2.413226,2.394413,2.397040,2.401137,2.388591
X:15:C1'--X:15:C4',6.240000,6.240000,2.334097,2.335494,2.335986,2.316277,2.335864,2.334209,2.333739,2.329899,2.333814,2.335062,2.293773,2.323741,2.311936,2.314480,2.335402
X:15:C1'--X:15:C5',9.240000,9.240000,3.362534,3.327445,3.349253,3.534070,3.404483,3.386960,3.336951,3.438197,3.387704,3.387433,3.557806,3.511293,3.557178,3.554578,3.330965
X:15:C1'--X:15:C8,7.740000,7.740000,2.591255,2.592863,2.590375,2.582498,2.584280,2.591193,2.585695,2.588578,2.589766,2.588192,2.578802,2.584291,2.578567,2.580254,2.586553
X:15:C1'--X:16:C8,7.740000,7.740000,4.090396,4.109630,4.101687,3.985871,4.063218,4.044559,4.144510,4.165707,4.087235,4.157282,3.950348,4.042741,4.028199,4.003382,4.082891
X:15:C2'--X:15:C8,6.240000,6.240000,3.082940,3.089058,3.094609,3.093676,3.082535,3.097626,3.097113,3.092655,3.092436,3.092725,3.091126,3.082060,3.105672,3.092333,3.085148
X:15:C2'--X:16:C8,6.240000,6.240000,4.146796,4.175217,4.109646,4.090112,4.128540,4.128584,4.117312,4.231863,4.159456,4.181282,4.153143,4.163666,4.032327,4.041818,4.131115
X:15:C3'--X:15:C8,7.740000,7.740000,4.319646,4.312297,4.315402,4.355594,4.309955,4.322429,4.302584,4.347532,4.333192,4.322246,4.339150,4.353447,4.349048,4.342776,4.293956
X:15:C3'--X:16:C8,9.240000,9.240000,5.590556,5.622507,5.565331,5.496772,5.570232,5.544026,5.579793,5.647996,5.586492,5.601638,5.563832,5.567174,5.472301,5.474465,5.581683
X:15:C4'--X:15:C8,9.240000,9.240000,4.196957,4.159927,4.168764,4.314123,4.191253,4.199115,4.130891,4.253617,4.216622,4.191640,4.303435,4.308781,4.299415,4.312766,4.134727
X:15:C5'--X:15:C8,7.740000,7.740000,4.361448,4.244537,4.293720,4.875923,4.420813,4.402716,4.225028,4.582250,4.434522,4.393599,4.961319,4.807675,4.902771,4.914796,4.215109
X:15:C8--X:16:C8,7.740000,7.740000,3.854726,3.893332,3.859374,3.899619,3.900921,4.010941,3.894740,3.983149,3.918401,4.063808,3.936615,3.913445,3.857648,3.854654,3.909189
X:15:N1--X:19:C8,8.400000,8.400000,5.218670,5.345797,5.245994,5.359754,5.351840,5.323683,5.309463,5.339994,5.281119,5.423480,5.405606,5.382794,5.318737,5.322009,5.341917
X:15:N1--X:19:O6,3.050000,3.050000,3.010119,2.928090,2.962847,2.906865,2.927894,2.932436,2.940915,2.930087,2.949784,2.907023,2.889320,2.919929,2.924028,2.923999,2.916889
X:15:N2--X:19:N7,3.000000,3.000000,2.927245,2.943693,2.917934,2.954269,2.950846,2.915304,2.937656,2.944597,2.916930,2.966378,2.946336,2.956517,2.942324,2.945188,2.941559
X:16:C1'--X:16:C2',6.240000,6.240000,1.524857,1.524686,1.524060,1.525246,1.525523,1.525670,1.524382,1.525509,1.525012,1.525759,1.524790,1.525586,1.526707,1.525183,1.526425
X:16:C1'--X:16:C3',7.740000,7.740000,2.313010,2.315126,2.313359,2.312051,2.309152,2.319049,2.317917,2.314890,2.308787,2.321525,2.309885,2.310516,2.327199,2.310193,2.324198
X:16:C1'--X:16:C4',6.240000,6.240000,2.265332,2.268403,2.265380,2.275930,2.266706,2.267762,2.265692,2.265921,2.266509,2.273047,2.271262,2.272639,2.272944,2.271145,2.267081
X:16:C1'--X:16:C5',9.240000,9.240000,3.537211,3.541474,3.542606,3.515863,3.536612,3.529083,3.552738,3.528408,3.528604,3.527687,3.522960,3.521774,3.531402,3.524716,3.539765
X:16:C1'--X:16:C8,7.740000,7.740000,2.579690,2.586057,2.583125,2.577971,2.574268,2.575120,2.583118,2.579335,2.579830,2.587583,2.573680,2.574816,2.577046,2.574410,2.578653
X:16:C1'--X:17:C8,7.740000,7.740000,3.610984,3.696028,3.665923,3.749011,3.749457,3.640976,3.659495,3.698010,3.715027,3.689329,3.838762,3.699539,3.613608,3.708383,3.605500
X:16:C2'--X:16:C8,6.240000,6.240000,3.053347,3.081711,3.068228,3.076001,3.061092,3.057017,3.069180,3.072470,3.061161,3.106280,3.079503,3.060161,3.063252,3.056640,3.059920
X:16:C2'--X:17:C8,6.240000,6.240000,3.771810,3.863130,3.839443,3.841860,3.880610,3.764249,3.808934,3.844374,3.870226,3.840231,3.937837,3.837394,3.720187,3.869711,3.720614
X:16:C3'--X:16:C8,7.740000,7.740000,4.429878,4.456708,4.445519,4.432813,4.432594,4.430537,4.444563,4.447006,4.438465,4.464347,4.433215,4.424324,4.432085,4.423691,4.439202
X:16:C3'--X:17:C8,7.740000,7.740000,4.340084,4.399312,4.385291,4.448506,4.473043,4.382369,4.357716,4.513091,4.455366,4.622535,4.554338,4.413946,4.326878,4.441991,4.320630
X:16:C4'--X:16:C8,9.240000,9.240000,4.491116,4.506566,4.501621,4.445741,4.471430,4.466843,4.501740,4.481872,4.489676,4.467041,4.439331,4.454918,4.457744,4.459665,4.483406
X:16:C4'--X:17:C8,9.240000,9.240000,5.093116,5.150133,5.129107,5.286011,5.274813,5.174883,5.104156,5.299374,5.237391,5.404422,5.386173,5.213677,5.125774,5.223161,5.105808
X:16:C5'--X:16:C8,9.240000,9.240000,5.278781,5.299699,5.302533,5.141125,5.242514,5.219958,5.320885,5.246354,5.256822,5.196550,5.156860,5.176406,5.195022,5.193333,5.265054
X:16:N1--X:19:C8,8.400000,8.400000,5.203066,5.376646,5.209162,5.145678,5.150856,5.087350,5.282820,5.208247,5.040692,5.213368,5.135567,5.077735,5.130600,5.091318,5.323930
X:16:N1--X:20:C8,8.400000,8.400000,5.256148,5.343926,5.234622,5.260762,5.169235,5.021160,5.266744,5.118413,5.163712,5.232293,5.233454,5.207557,5.198565,5.218486,5.254452
X:16:N1--X:20:O6,3.050000,3.050000,2.849260,2.855005,2.848363,2.844106,2.858044,2.896181,2.851443,2.865909,2.850321,2.860893,2.850666,2.863887,2.870975,2.869616,2.853848
X:16:N2--X:20:N7,3.000000,3.000000,2.908838,2.930447,2.911005,2.925461,2.919104,2.921212,2.923325,2.958673,2.913344,2.918028,2.924625,2.913804,2.933551,2.914383,2.940629
X:17:C1'--X:17:C2',6.240000,6.240000,1.523053,1.523180,1.524156,1.525438,1.525017,1.525930,1.524541,1.525197,1.524186,1.524033,1.525351,1.523708,1.525531,1.523445,1.526008
X:17:C1'--X:17:C3',7.740000,7.740000,2.321440,2.328292,2.330749,2.330303,2.326844,2.333219,2.328145,2.319214,2.330999,2.331766,2.334845,2.321492,2.317540,2.331745,2.325782
X:17:C1'--X:17:C4',6.240000,6.240000,2.289106,2.295836,2.294267,2.302700,2.297531,2.304281,2.293139,2.298371,2.297180,2.292976,2.305866,2.293867,2.302045,2.296063,2.301977
X:17:C1'--X:17:C5',9.240000,9.240000,3.497136,3.499018,3.504510,3.475250,3.482557,3.447968,3.499860,3.480562,3.500438,3.545270,3.471897,3.490168,3.437958,3.507253,3.436028
X:17:C1'--X:17:C8,7.740000,7.740000,2.569942,2.574728,2.572499,2.572731,2.569697,2.569038,2.573843,2.569219,2.571901,2.581091,2.571047,2.570013,2.565803,2.568070,2.569339
X:17:C2'--X:17:C8,6.240000,6.240000,3.205594,3.224965,3.231337,3.223973,3.208926,3.206093,3.222917,3.242651,3.222696,3.358574,3.226183,3.213523,3.221272,3.234291,3.195892
X:17:C3'--X:17:C8,7.740000,7.740000,4.436911,4.447295,4.446110,4.429620,4.427792,4.406903,4.448527,4.454661,4.439168,4.542949,4.418438,4.434058,4.422492,4.433373,4.406902
X:17:C4'--X:17:C8,9.240000,9.240000,4.245443,4.241415,4.231070,4.204945,4.214510,4.174946,4.246208,4.219772,4.224940,4.283857,4.177649,4.225386,4.176993,4.203091,4.185042
X:17:C5'--X:17:C8,9.240000,9.240000,4.771737,4.751602,4.751446,4.642019,4.680884,4.548621,4.767700,4.691187,4.727284,4.925193,4.590787,4.717557,4.543549,4.713286,4.547329
X:17:N1--X:20:C8,8.400000,8.400000,4.348468,4.325390,4.302488,4.252131,4.262409,4.129753,4.273724,4.232899,4.324502,4.378551,4.178002,4.241450,4.105365,4.275714,4.271060
X:17:N1--X:21:C8,8.400000,8.400000,5.322651,5.411189,5.302806,5.324779,5.254366,5.299834,5.361102,5.350644,5.403520,5.307631,5.267776,5.308766,5.314284,5.387183,5.391930
X:17:N1--X:21:O6,3.050000,3.050000,2.858539,2.848271,2.852923,2.850787,2.864632,2.864529,2.849007,2.852573,2.845853,2.845560,2.857060,2.856887,2.866132,2.839934,2.860023
X:17:N1--X:22:C1',7.400000,7.400000,5.821250,6.166684,6.026771,5.835318,5.790701,5.811952,6.063012,5.889159,6.112869,5.870512,5.973216,5.893476,5.683852,5.835393,6.021036
X:17:N2--X:21:N7,3.000000,3.000000,2.919464,2.955232,2.924730,2.917842,2.909666,2.899973,2.934568,2.923450,2.944727,2.922668,2.920669,2.929927,2.902443,2.961159,2.895603
X:18:C1'--X:18:C2',6.240000,6.240000,1.530573,1.531602,1.530327,1.530782,1.531392,1.532970,1.531424,1.532755,1.529921,1.530492,1.530400,1.531289,1.532179,1.529870,1.532241
X:18:C1'--X:18:C3',7.740000,7.740000,2.352810,2.373225,2.363077,2.366333,2.368674,2.345094,2.367200,2.357352,2.361191,2.371488,2.366395,2.366111,2.347911,2.363380,2.339202
X:18:C1'--X:18:C4',6.240000,6.240000,2.320299,2.322371,2.320502,2.322192,2.322279,2.320463,2.322648,2.327330,2.320819,2.318057,2.322080,2.323838,2.325807,2.322217,2.319995
X:18:C1'--X:18:C5',9.240000,9.240000,3.403255,3.415496,3.419009,3.412426,3.407012,3.421716,3.413494,3.384598,3.417141,3.441311,3.419439,3.408113,3.391013,3.416672,3.410854
X:18:C1'--X:18:C6,7.740000,7.740000,2.498910,2.501065,2.497438,2.499622,2.499791,2.496882,2.499815,2.507219,2.496816,2.495710,2.497677,2.500187,2.501047,2.498829,2.496655
X:18:C1'--X:19:C3',9.240000,9.240000,5.948201,5.908287,5.743103,5.953756,5.891535,6.351073,5.759954,6.320144,6.020509,5.902614,5.994249,5.868105,6.436027,6.011654,6.386772
X:18:C2'--X:18:C6,6.240000,6.240000,3.066475,3.081651,3.082461,3.084572,3.074553,3.096689,3.065905,3.047157,3.088865,3.094086,3.089655,3.072536,3.066213,3.078950,3.087526
X:18:C3'--X:18:C6,7.740000,7.740000,4.245012,4.236614,4.245303,4.239652,4.237434,4.262520,4.233197,4.245795,4.242839,4.238107,4.240086,4.238555,4.253887,4.242257,4.265390
X:18:C3'--X:19:C8,9.240000,9.240000,6.018027,6.071835,5.925751,6.154636,6.082154,6.656648,6.048258,6.334642,6.280669,6.158202,6.115352,6.000909,6.458689,5.902870,6.564742
X:18:C4'--X:18:C6,9.240000,9.240000,4.010920,3.995045,3.999176,3.985968,3.994985,4.018842,4.005044,4.068912,3.985743,3.983672,3.982384,4.001159,4.044015,3.995262,4.032495
X:18:C4'--X:19:C1',9.740000,9.740000,6.569896,6.514526,6.341586,6.594744,6.523058,7.220830,6.486212,6.624022,6.783167,6.519657,6.632658,6.473998,6.894598,6.510276,7.209874
X:18:C4'--X:19:C8,9.240000,9.240000,6.840103,6.789937,6.661570,6.931853,6.848854,7.438838,6.758224,6.672181,7.069271,6.829012,6.886068,6.781877,6.905690,6.714349,7.309656
X:18:C5--X:18:C6,6.240000,6.240000,1.357083,1.357240,1.357640,1.356898,1.357448,1.357242,1.358370,1.358579,1.357199,1.357218,1.357298,1.357525,1.357340,1.355794,1.358509
X:18:C5'--X:18:C6,7.740000,7.740000,4.230578,4.221332,4.241068,4.203110,4.206586,4.279735,4.233008,4.262668,4.218556,4.260208,4.212360,4.214576,4.244193,4.226292,4.280934
X:19:C1'--X:19:C2',6.240000,6.240000,1.529637,1.529494,1.529519,1.529033,1.530423,1.531983,1.531275,1.530901,1.530557,1.529443,1.530279,1.530983,1.529988,1.530985,1.532029
X:19:C1'--X:19:C3',7.740000,7.740000,2.390715,2.389533,2.388828,2.392570,2.393068,2.407358,2.424745,2.415926,2.397608,2.387900,2.398430,2.398617,2.415364,2.396634,2.414575
X:19:C1'--X:19:C4',6.240000,6.240000,2.334281,2.333562,2.333222,2.335176,2.335486,2.332283,2.339481,2.335775,2.337567,2.332779,2.335851,2.335571,2.337440,2.336521,2.329814
X:19:C1'--X:19:C5',9.240000,9.240000,3.383602,3.397049,3.384199,3.393388,3.392127,3.304435,3.436939,3.316129,3.390602,3.401026,3.398088,3.388806,3.320929,3.384447,3.277029
X:19:C1'--X:19:C8,7.740000,7.740000,2.578254,2.575274,2.577099,2.576915,2.575811,2.573730,2.572674,2.573117,2.575654,2.576213,2.576332,2.578648,2.570650,2.580669,2.581047
X:19:C1'--X:20:C8,7.740000,7.740000,4.135399,4.116258,4.054705,4.119965,4.120981,4.463393,4.093532,4.451036,4.189821,4.186683,4.068780,4.040662,4.491538,4.040490,4.543721
X:19:C2'--X:19:C8,6.240000,6.240000,3.228502,3.193582,3.169225,3.217619,3.211616,3.410925,3.185118,3.402523,3.258753,3.220916,3.199573,3.199406,3.422732,3.190249,3.450102
X:19:C2'--X:20:C8,6.240000,6.240000,3.674852,3.755102,3.790222,3.678669,3.734079,3.518800,3.692976,3.541744,3.601734,3.743325,3.628794,3.661166,3.499530,3.656477,3.548352
X:19:C3'--X:19:C8,7.740000,7.740000,4.285962,4.278575,4.267013,4.284582,4.280457,4.299513,4.201124,4.291939,4.283261,4.296935,4.265175,4.270307,4.304678,4.271827,4.304081
X:19:C3'--X:20:C8,7.740000,7.740000,5.096091,5.183864,5.219605,5.089560,5.157655,4.742076,5.136641,4.785011,5.004075,5.156704,5.054554,5.088115,4.647579,5.098740,4.696799
X:19:C4'--X:19:C8,9.240000,9.240000,3.962570,3.986573,3.989529,3.971146,3.966624,3.750694,3.954186,3.752226,3.927772,3.985818,3.966507,3.977591,3.748596,3.988138,3.728296
X:19:C4'--X:20:C8,9.240000,9.240000,6.018786,6.070630,6.068959,6.018375,6.057819,5.753224,6.034381,5.792769,5.969448,6.084414,5.967983,5.982733,5.641078,5.979353,5.708462
X:19:C5'--X:19:C8,7.740000,7.740000,4.053042,4.109577,4.089676,4.079417,4.069731,3.657151,4.113982,3.668216,4.011351,4.118856,4.077302,4.076008,3.676579,4.081802,3.587081
X:20:C1'--X:20:C2',6.240000,6.240000,1.526206,1.527677,1.525072,1.527829,1.525932,1.526519,1.528341,1.526856,1.527698,1.525371,1.525955,1.525322,1.527532,1.527235,1.527823
X:20:C1'--X:20:C3',7.740000,7.740000,2.311317,2.317923,2.311678,2.315704,2.311004,2.314001,2.321242,2.314271,2.316297,2.317402,2.313985,2.310450,2.320436,2.342778,2.323466
X:20:C1'--X:20:C4',6.240000,6.240000,2.285354,2.287778,2.288797,2.292381,2.287679,2.287387,2.290040,2.289299,2.287458,2.287798,2.286273,2.287177,2.288932,2.282113,2.291038
X:20:C1'--X:20:C5',9.240000,9.240000,3.502203,3.505631,3.496806,3.490707,3.496133,3.507936,3.507931,3.509380,3.505629,3.501456,3.498214,3.494371,3.519785,3.512814,3.513567
X:20:C1'--X:20:C8,7.740000,7.740000,2.577606,2.576360,2.576982,2.579697,2.577648,2.580271,2.583284,2.580290,2.578357,2.579856,2.581544,2.578732,2.581324,2.579641,2.582518
X:20:C1'--X:21:C8,7.740000,7.740000,3.664937,3.696705,3.756588,3.667404,3.713763,3.586561,3.559882,3.661105,3.637367,3.694998,3.684131,3.676752,3.560650,3.533886,3.476804
X:20:C2'--X:20:C8,6.240000,6.240000,3.076215,3.086780,3.084762,3.083531,3.087379,3.064692,3.050548,3.075940,3.072517,3.078179,3.082003,3.079092,3.057123,3.055775,3.055981
X:20:C2'--X:21:C8,6.240000,6.240000,3.684161,3.665628,3.710579,3.640249,3.702641,3.659846,3.729517,3.687333,3.668870,3.713450,3.680988,3.666911,3.625617,3.720838,3.573662
X:20:C3'--X:20:C8,7.740000,7.740000,4.427681,4.437448,4.429625,4.430329,4.434702,4.431899,4.426732,4.435911,4.427466,4.431032,4.435445,4.427460,4.436457,4.417496,4.436581
X:20:C3'--X:21:C8,7.740000,7.740000,4.425818,4.358140,4.450504,4.365426,4.443470,4.367443,4.403192,4.419516,4.387671,4.439917,4.352028,4.371547,4.335980,4.389896,4.312283
X:20:C4'--X:20:C8,9.240000,9.240000,4.422626,4.423838,4.407258,4.413060,4.415216,4.454931,4.480327,4.440089,4.429027,4.424804,4.430858,4.417521,4.476014,4.433552,4.472976
X:20:C4'--X:21:C8,9.240000,9.240000,5.330725,5.291077,5.403204,5.304759,5.374536,5.237198,5.191334,5.323422,5.279233,5.339538,5.269937,5.298026,5.204738,5.118246,5.162582
X:20:C5'--X:20:C8,9.240000,9.240000,5.056281,5.059242,5.013418,5.004111,5.027939,5.112935,5.148696,5.084801,5.067876,5.051270,5.057260,5.029533,5.163540,5.100762,5.142402
X:20:C8--X:21:C8,9.240000,9.240000,4.728432,4.849924,4.832989,4.789607,4.784434,4.662955,4.682217,4.714503,4.746344,4.797698,4.861479,4.814430,4.601235,4.812009,4.494647
X:21:C1'--X:21:C2',6.240000,6.240000,1.523850,1.524208,1.524020,1.524765,1.524586,1.523704,1.524662,1.523513,1.523425,1.524512,1.525244,1.524927,1.524517,1.525517,1.527424
X:21:C1'--X:21:C3',7.740000,7.740000,2.326522,2.334130,2.331223,2.326959,2.329606,2.327779,2.331451,2.325969,2.329157,2.328683,2.331826,2.329624,2.324508,2.417300,2.371074
X:21:C1'--X:21:C4',6.240000,6.240000,2.292442,2.294823,2.294350,2.292284,2.293138,2.292170,2.292750,2.291851,2.292273,2.293136,2.296087,2.294572,2.291383,2.320491,2.277622
X:21:C1'--X:21:C5',9.240000,9.240000,3.499143,3.492943,3.495832,3.490624,3.495793,3.491353,3.504106,3.494777,3.503648,3.502349,3.479185,3.484093,3.491858,3.610615,3.527762
X:21:C1'--X:21:C8,7.740000,7.740000,2.570018,2.575558,2.571980,2.570469,2.569076,2.569625,2.573997,2.571214,2.573348,2.571077,2.571587,2.569324,2.566377,2.573983,2.562949
X:21:C1'--X:22:C5',9.240000,9.240000,4.343342,4.388235,4.370611,4.320232,4.320280,4.314144,4.378462,4.346892,4.362892,4.356725,4.384848,4.344733,4.301038,4.855914,4.111573
X:21:C1'--X:22:C8,7.740000,7.740000,4.573806,4.415986,4.477150,4.613067,4.606933,4.632589,4.453612,4.567603,4.567844,4.581042,4.456575,4.516585,4.647311,4.819364,4.518791
X:21:C2'--X:21:C8,6.240000,6.240000,3.053907,3.083185,3.066932,3.051060,3.045846,3.050144,3.079487,3.061041,3.081461,3.060732,3.064509,3.058841,3.036385,3.282195,3.035690
X:21:C2'--X:22:C8,6.240000,6.240000,4.025412,3.894603,3.945793,4.128287,4.089146,4.139466,3.912713,4.047368,4.027073,4.068231,3.910790,3.960265,4.166461,4.172983,3.862053
X:21:C3'--X:21:C8,7.740000,7.740000,4.426185,4.438036,4.427126,4.424850,4.420649,4.421539,4.438847,4.431650,4.440943,4.430486,4.416735,4.418461,4.416839,3.644777,4.390203
X:21:C3'--X:22:C8,7.740000,7.740000,5.454475,5.334327,5.379199,5.573160,5.522402,5.581131,5.345521,5.483969,5.463117,5.504372,5.341893,5.391414,5.604431,4.180787,5.251936
X:21:C4'--X:21:C8,9.240000,9.240000,4.385927,4.371144,4.370517,4.386149,4.383068,4.378022,4.380225,4.389885,4.378861,4.388600,4.349653,4.356574,4.391808,3.808472,4.395831
X:21:C5'--X:21:C8,9.240000,9.240000,4.977377,4.933699,4.941121,4.962396,4.965393,4.951624,4.974082,4.976939,4.973898,4.984893,4.875797,4.900693,4.978093,4.339330,5.086576
X:21:C8--X:22:C1',9.240000,9.240000,4.022085,4.128153,4.081013,4.059248,4.015701,4.069851,4.091004,4.046036,4.069720,4.083794,4.123265,4.027574,4.072125,4.780434,4.207771
X:21:C8--X:22:C8,7.740000,7.740000,3.468945,3.425583,3.444480,3.441174,3.473274,3.470267,3.455325,3.449357,3.518578,3.467247,3.466174,3.479866,3.455983,3.607484,3.443170
X:21:N1--X:22:C1',8.400000,8.400000,4.187942,4.224010,4.216955,4.232278,4.223266,4.238606,4.201035,4.208924,4.214605,4.240574,4.236053,4.208330,4.207881,4.261091,4.227633
X:22:C1'--X:22:C2',6.240000,6.240000,1.525693,1.528334,1.526868,1.529338,1.527821,1.529817,1.527462,1.527253,1.530463,1.528898,1.528959,1.526842,1.526705,1.525722,1.532333
X:22:C1'--X:22:C3',7.740000,7.740000,2.395360,2.399567,2.397340,2.402834,2.397747,2.402426,2.392887,2.400669,2.411126,2.403856,2.400719,2.401527,2.396349,2.411496,2.423506
X:22:C1'--X:22:C4',6.240000,6.240000,2.329517,2.332163,2.329797,2.330211,2.330922,2.329258,2.329993,2.329301,2.326790,2.329016,2.330481,2.330135,2.331786,2.342210,2.318056
X:22:C1'--X:22:C8,7.740000,7.740000,2.570565,2.569975,2.571359,2.569662,2.570931,2.571066,2.573672,2.570122,2.570530,2.571998,2.572098,2.569593,2.568896,2.569111,2.567762
X:22:C1'--X:23:C4',9.240000,9.240000,5.529774,5.517438,5.527761,5.601407,5.548991,5.622948,5.507236,5.558187,5.613424,5.575350,5.589887,5.577742,5.632610,5.585477,5.719710
X:22:C1'--X:23:C6,7.740000,7.740000,4.882811,4.856203,4.882186,4.934279,4.882934,4.907783,4.859891,4.870545,5.013744,4.887972,4.867040,4.865895,4.861267,5.012693,4.876053
X:22:C2'--X:22:C8,6.240000,6.240000,3.485775,3.487547,3.491284,3.502733,3.502163,3.511170,3.490095,3.500373,3.491922,3.502984,3.509487,3.501083,3.518003,3.453653,3.447132
X:22:C2'--X:23:C6,7.740000,7.740000,3.995692,3.970142,4.001224,4.020985,4.001326,4.005223,4.009103,3.976808,4.225543,3.965099,3.988793,3.983848,3.996932,4.042583,3.998426
X:22:C3'--X:22:C8,7.740000,7.740000,3.734522,3.717298,3.730296,3.783730,3.743877,3.802664,3.695076,3.768932,3.867359,3.787702,3.773148,3.784953,3.776530,3.688049,3.954658
X:22:C3'--X:23:C6,7.740000,7.740000,4.734566,4.699841,4.753755,4.794620,4.711142,4.745800,4.724094,4.721606,5.188948,4.714603,4.706063,4.725279,4.653733,4.916298,5.078522
X:22:C4'--X:22:C8,9.240000,9.240000,3.753752,3.726645,3.744226,3.789012,3.757873,3.803670,3.721467,3.772815,3.839157,3.783390,3.764870,3.777758,3.770005,3.651749,3.961286
X:22:C4'--X:23:C6,9.240000,9.240000,6.082566,6.048556,6.096712,6.139546,6.063168,6.093681,6.067244,6.067314,6.440146,6.065127,6.051514,6.064556,6.006805,6.255335,6.308229
X:22:C5'--X:22:C8,7.740000,7.740000,4.219533,4.172405,4.207181,4.289671,4.237005,4.318952,4.165511,4.256408,4.359483,4.272082,4.241595,4.260467,4.243830,4.026828,4.653904
X:22:C8--X:23:C6,9.240000,9.240000,5.193963,5.183929,5.221996,5.331753,5.191288,5.243243,5.129878,5.213343,5.304115,5.267533,5.164460,5.168810,5.099017,5.668664,5.325207
X:22:C8--X:23:C7,8.120001,8.120001,4.199199,4.195873,4.229039,4.291125,4.194173,4.223721,4.155842,4.210638,4.355261,4.241819,4.166653,4.170171,4.068501,4.657526,4.190357
X:23:C1'--X:23:C2',6.240000,6.240000,1.528922,1.528710,1.529453,1.529538,1.528664,1.529751,1.528204,1.528898,1.533821,1.529785,1.529697,1.530099,1.528567,1.529649,1.529978
X:23:C1'--X:23:C3',7.740000,7.740000,2.351455,2.356330,2.351384,2.350662,2.356671,2.360401,2.352306,2.354242,2.430000,2.354332,2.354232,2.355003,2.361216,2.384680,2.384004
X:23:C1'--X:23:C4',6.240000,6.240000,2.314888,2.317877,2.312872,2.312636,2.316024,2.315076,2.313379,2.314379,2.296182,2.315343,2.313539,2.314131,2.318193,2.318049,2.309865
X:23:C1'--X:23:C6,7.740000,7.740000,2.488272,2.491074,2.489223,2.489776,2.491536,2.489903,2.489977,2.491767,2.486652,2.492854,2.492860,2.490962,2.490423,2.488320,2.485136
X:23:C1'--X:24:C6,9.240000,9.240000,4.483137,4.447276,4.393325,4.453615,4.491645,4.526162,4.472932,4.519017,4.315464,4.517708,4.504437,4.540969,4.618620,4.262193,4.287017
X:23:C1'--X:24:C7,6.620000,6.620000,4.135861,4.128104,4.039136,4.122521,4.160696,4.225253,4.169064,4.268613,4.102428,4.192138,4.225597,4.284065,4.293799,4.070138,4.040794
X:23:C2'--X:23:C6,6.240000,6.240000,3.094804,3.097925,3.097314,3.095853,3.095230,3.081377,3.095005,3.084976,3.147635,3.093500,3.082127,3.078853,3.082037,3.104475,3.069169
X:23:C3'--X:23:C6,7.740000,7.740000,4.228670,4.241270,4.238729,4.235470,4.230018,4.214882,4.234858,4.225050,4.045558,4.230383,4.227971,4.225730,4.216755,4.154302,4.154914
X:23:C4'--X:23:C6,7.740000,7.740000,3.973700,3.991142,3.986435,3.986065,3.978682,3.983418,3.987949,3.984514,3.945805,3.982056,3.992802,3.994958,3.976710,3.925907,3.988504
X:23:C4'--X:24:C6,7.740000,7.740000,3.530810,3.545600,3.502774,3.540516,3.539186,3.581706,3.563110,3.571787,3.712583,3.564122,3.555405,3.571361,3.575398,3.703361,3.624932
X:23:C6--X:23:C7,5.120000,5.120000,2.481761,2.483492,2.483775,2.484754,2.483279,2.484513,2.480647,2.483900,2.484336,2.482748,2.485119,2.483464,2.484433,2.481880,2.480620
X:24:C1'--X:24:C2',6.240000,6.240000,1.534157,1.532692,1.532797,1.533245,1.533491,1.533981,1.532925,1.533416,1.534008,1.533706,1.533324,1.532725,1.532962,1.536220,1.538233
X:24:C1'--X:24:C3',7.740000,7.740000,2.448867,2.442150,2.446346,2.444283,2.443097,2.443258,2.445634,2.444449,2.436645,2.442364,2.444275,2.442126,2.440173,2.426215,2.416585
X:24:C1'--X:24:C4',6.240000,6.240000,2.347671,2.346719,2.346384,2.344719,2.345755,2.342949,2.346511,2.344476,2.348645,2.344615,2.344558,2.343134,2.343469,2.352070,2.346975
X:24:C1'--X:24:C6,7.740000,7.740000,2.509484,2.512317,2.508684,2.511741,2.509356,2.513373,2.511179,2.511787,2.519638,2.512002,2.512943,2.511890,2.515068,2.521054,2.524216
X:24:C2'--X:24:C6,6.240000,6.240000,3.029241,3.038248,3.035222,3.033347,3.030312,3.025989,3.032799,3.023679,3.022251,3.037208,3.023874,3.022528,3.030027,3.061028,3.064410
X:24:C3'--X:24:C6,6.240000,6.240000,3.645597,3.588156,3.626518,3.601976,3.594060,3.622199,3.637200,3.586868,3.525249,3.577987,3.618880,3.585172,3.552205,4.023800,4.079313
X:24:C4'--X:24:C6,7.740000,7.740000,3.747234,3.725210,3.736170,3.751012,3.732120,3.787820,3.756947,3.754143,3.745186,3.734466,3.765965,3.755057,3.739302,3.829203,3.867286
X:24:C6--X:24:C7,5.120000,5.120000,2.485173,2.484311,2.484976,2.485512,2.484273,2.480236,2.480995,2.484343,2.486323,2.485291,2.484495,2.484334,2.485208,2.486818,2.486063
