heavy_atom_pair,nef_max_distance_A,star_max_distance_A,model_1_distance_A,model_2_distance_A,model_3_distance_A,model_4_distance_A,model_5_distance_A,model_6_distance_A,model_7_distance_A,model_8_distance_A,model_9_distance_A,model_10_distance_A,model_11_distance_A,model_12_distance_A,model_13_distance_A,model_14_distance_A,model_15_distance_A,model_16_distance_A,model_17_distance_A,model_18_distance_A,model_19_distance_A,model_20_distance_A
A:2:O--A:6:N,3.600000,3.600000,3.414251,3.515556,3.498605,3.005940,2.933838,3.343760,3.018052,3.419444,3.611213,3.206049,2.936531,3.385415,3.368620,3.068142,3.170512,3.384020,3.350462,3.107387,3.021052,3.019843
A:3:O--A:7:N,3.600000,3.600000,3.335557,2.757360,2.736893,2.627014,2.967620,3.011909,2.759900,2.865672,2.728316,3.009576,2.823414,3.515659,2.867811,3.624168,2.795437,2.785032,2.862497,2.688079,2.802273,3.239471
A:9:O--A:65:NH2,,3.700000,3.757322,2.896326,3.471333,3.726558,3.421683,2.843418,3.473820,3.749543,3.051592,3.304215,3.370807,3.643023,3.737971,3.721530,3.063292,3.188373,3.595860,3.733232,3.242450,2.880423
A:11:O--A:15:N,3.300000,3.300000,2.685995,2.713125,2.729787,2.679652,2.689317,2.737078,2.703805,2.668567,2.735942,2.681603,2.671106,2.705818,2.755552,2.706547,2.740526,2.764532,2.624634,2.709083,2.531031,2.602152
A:12:O--A:16:N,3.300000,3.300000,2.738469,2.718264,2.731363,2.760920,2.778278,2.768830,2.785113,2.722143,2.811421,2.794442,2.715085,2.758433,2.778072,2.752728,2.773057,2.791789,2.715335,2.775177,2.734119,2.742736
A:13:O--A:17:N,3.300000,3.300000,2.911291,2.833287,2.837030,2.868046,2.781110,2.791796,2.779717,2.910079,2.762243,2.946364,2.775254,2.896080,2.775890,2.920642,2.839261,2.698038,2.967500,2.870543,3.211421,3.052118
A:14:O--A:18:N,3.300000,3.300000,2.731270,2.761032,2.780313,2.719886,2.706755,2.763602,2.851409,2.699910,2.796330,2.765569,2.737504,2.699792,2.796980,2.724867,2.821912,2.873798,3.019523,2.728488,2.951578,3.051699
A:14:OE2--A:65:NH1,,3.300000,2.737850,2.870467,2.725066,2.990031,2.742391,2.742844,2.800844,3.394150,2.729484,2.729088,2.765012,2.823846,2.701209,2.829256,3.380524,2.846034,3.200045,2.776264,3.314546,3.300936
A:15:NZ--A:56:O,3.600000,3.600000,2.745708,2.821449,2.787822,2.746673,2.777642,2.986099,2.809345,2.800389,2.802480,2.796292,2.823356,2.778493,2.882029,2.800212,2.887020,2.859016,2.812553,2.822907,2.785922,2.833995
A:15:NZ--A:57:OE1,3.300000,3.300000,2.708428,3.065713,3.352169,2.715720,3.332976,3.371102,2.681073,2.798458,2.719371,2.733758,3.348258,2.679846,2.729176,2.739049,3.042901,3.018945,2.748658,2.718404,2.679915,3.086840
A:15:O--A:19:N,3.300000,3.300000,2.719965,2.727054,2.684065,2.622590,2.722102,2.772269,2.698841,2.680912,2.697380,2.722010,2.706681,2.736417,2.728787,2.712997,2.770948,2.708354,2.668608,2.697013,2.581479,2.677865
A:16:O--A:20:N,3.300000,3.300000,2.741409,2.785572,2.772669,2.721490,2.782495,2.790437,2.720536,2.744744,2.763326,2.767125,2.751613,2.767696,2.794863,2.769927,2.823938,2.771243,2.715603,2.791999,2.688234,2.720696
A:17:O--A:21:N,3.300000,3.300000,2.786282,2.892527,2.851026,2.840663,2.830717,2.696565,2.775804,2.669789,2.729768,2.753174,2.868835,2.738473,2.790545,2.685160,2.815362,2.786134,2.742545,2.762981,2.800714,2.782308
A:18:O--A:22:N,3.300000,3.300000,2.634018,2.629562,2.645628,2.666462,2.616502,2.625302,2.609800,2.593417,2.593939,2.640063,2.581403,2.638232,2.629401,2.594745,2.657660,2.644963,2.602027,2.625572,2.672446,2.617085
A:19:O--A:23:N,3.300000,3.300000,3.038849,3.034371,3.187197,3.182565,2.997613,3.154198,3.197165,3.207679,3.231836,3.196787,3.049549,3.134770,3.093581,3.181671,3.190055,3.204875,3.172691,3.215025,3.308183,3.150013
A:20:O--A:24:N,3.500000,3.500000,3.492139,3.514969,3.494688,3.496739,3.504948,3.476528,3.501874,3.485277,3.475779,3.466609,3.512080,3.489366,3.482530,3.475671,3.498492,3.480436,3.494398,3.461664,3.493473,3.500646
A:21:O--A:25:N,3.600000,3.600000,3.538802,3.553955,3.590038,3.590657,3.578919,3.519647,3.571257,3.537235,3.571247,3.560619,3.571843,3.590204,3.526145,3.575292,3.564565,3.588895,3.563117,3.565785,3.571195,3.546102
A:23:ND2--B:7:O,3.700000,3.700000,3.748886,3.721144,3.705163,3.707435,3.719627,3.723109,3.697884,3.708873,3.715264,3.592137,3.736710,3.685452,3.717146,3.722517,3.709920,3.582224,3.586524,3.590100,3.734862,3.688654
A:26:O--A:30:N,3.300000,3.300000,2.765805,2.740340,2.777857,2.775249,2.809560,2.751264,2.781544,2.772580,2.773516,2.775978,2.792909,2.749891,2.752482,2.835085,2.815299,2.821586,2.754046,2.697598,2.805855,2.765191
A:27:O--A:31:N,4.000000,4.000000,3.050181,3.008208,2.982908,2.982641,3.172115,2.878783,3.049213,3.046959,3.005900,2.967878,3.066555,3.148451,2.973963,3.155757,3.031288,3.163468,2.935809,2.806245,3.102446,2.963199
A:28:O--A:32:N,4.100000,4.100000,4.030299,4.002600,3.992408,3.965758,3.957025,4.035014,4.030912,3.985899,4.027060,3.972423,4.045382,3.914259,3.955734,4.084456,3.970590,4.071436,3.968392,3.934717,4.020849,3.968531
A:29:O--A:33:N,4.000000,4.000000,3.893355,3.945185,3.832001,3.807955,3.753129,3.860283,3.967486,3.869562,3.921401,3.882380,3.948384,3.760860,3.840117,3.955547,3.876051,3.993519,3.916172,3.773243,3.887450,3.872447
A:29:O--A:70:OH,3.500000,3.500000,3.462847,3.514343,3.382830,3.362277,3.228758,3.207882,3.221761,3.468953,3.331015,3.407776,3.188375,3.306485,3.497784,3.413886,3.496108,3.229168,3.100341,3.515722,3.193190,3.514731
A:30:O--A:34:N,3.300000,3.300000,2.841002,2.841023,2.813907,2.830401,2.807874,2.835323,2.853157,2.843849,2.851907,2.857671,2.859788,2.816004,2.824056,2.829802,2.849959,2.847502,2.861676,2.798692,2.853918,2.850104
A:31:O--A:35:N,3.500000,3.500000,3.440810,3.478702,3.319158,3.372039,3.340653,3.413897,3.390279,3.360751,3.403485,3.501324,3.275192,3.467263,3.375922,3.072999,3.469914,3.254505,3.505151,3.327518,3.510067,3.495258
A:32:O--A:36:N,3.300000,3.300000,2.763597,2.746963,2.768358,2.750628,2.799549,2.789982,2.815135,2.701555,2.712366,2.753425,2.692843,2.782353,2.746308,2.722308,2.788429,2.696959,2.782999,2.707805,2.782294,2.820776
A:33:O--A:37:N,3.300000,3.300000,2.949202,2.878460,2.934621,2.954744,2.905362,2.966956,2.979348,2.950629,2.889781,2.913247,2.917132,2.943506,2.968958,2.927459,2.868586,2.877935,2.971298,2.946346,2.958591,2.903449
A:34:O--A:38:N,3.380000,3.380000,2.789075,2.831060,2.821739,2.818135,2.829337,2.768900,2.812676,2.831740,2.795204,2.841144,2.806306,2.828133,2.843111,2.796065,2.877219,2.821102,2.851080,2.827887,2.835693,2.843832
A:35:O--A:39:N,3.300000,3.300000,2.977543,2.863979,3.010631,2.986360,2.882421,2.747974,2.857107,2.992703,3.015631,2.875313,2.876079,2.946676,2.945991,3.098754,2.918565,2.872847,2.773515,2.973605,2.731820,2.834729
A:36:O--A:40:N,3.300000,3.300000,3.412640,3.367390,3.368361,3.389962,3.357741,3.370466,3.385427,3.361793,3.394862,3.359044,3.359419,3.408126,3.373044,3.399365,3.363019,3.381803,3.389977,3.383859,3.399060,3.385801
A:37:O--A:41:N,3.300000,3.300000,2.594758,2.593042,2.621130,2.607736,2.576234,2.608847,2.602238,2.590917,2.599829,2.591768,2.579927,2.605182,2.632363,2.598455,2.596571,2.591613,2.603802,2.623615,2.598447,2.599380
A:40:NH1--A:66:OE2,,3.500000,2.975393,3.554195,3.000646,2.629641,3.471112,2.716447,2.722549,2.640696,3.510312,3.323361,2.627956,3.527164,3.509298,3.504342,3.220290,3.501299,2.681639,3.245209,2.809696,3.147795
A:40:O--A:60:NZ,3.700000,3.700000,2.669392,2.712397,2.704349,2.712675,2.735178,2.667028,2.722912,2.721144,2.738210,2.675971,2.836795,2.724886,2.766799,3.748660,2.681064,3.108693,2.732411,2.687656,3.528110,2.706697
A:41:OE2--A:60:N,3.300000,3.300000,2.870856,2.790047,2.967194,2.894272,2.866537,2.997640,2.928872,2.921340,3.191365,2.916738,2.743628,2.953931,2.745492,2.765515,2.898666,2.932704,2.917244,2.723755,2.760903,2.959766
A:41:OE2--A:63:OG1,3.400000,3.400000,2.721490,2.662701,2.760688,2.822258,2.645502,2.784265,2.652345,2.912063,2.706285,2.591890,2.621806,2.664107,2.608715,2.671884,2.698022,2.927545,2.726572,2.566801,2.673167,2.710220
A:50:O--B:10:N,3.600000,3.600000,2.715406,2.743179,2.754633,2.767729,2.825088,2.821710,2.724349,2.754249,2.636114,2.644217,2.640071,2.772607,2.791077,2.665796,2.734688,2.657074,2.665198,3.115468,2.761587,2.678302
A:51:OE1--B:9:NE2,3.700000,3.700000,3.755621,3.743401,3.797182,3.720573,3.778109,3.140933,3.730824,3.705076,3.769907,3.581385,2.788855,2.706690,3.709162,3.729964,3.794472,3.055709,3.708106,3.071548,3.376569,3.784606
A:52:N--B:8:O,3.600000,3.600000,3.069638,3.076115,3.035573,3.031201,3.050205,3.074758,3.033430,3.055130,3.124230,3.117318,3.127926,3.088109,3.110958,3.046468,3.125849,3.090820,3.063417,2.993779,3.027704,3.128939
A:52:O--B:8:N,3.600000,3.600000,3.022048,3.128737,2.995174,3.000829,3.032950,3.177578,3.025666,3.064165,3.218236,3.174829,3.230713,3.139589,3.017832,3.095944,3.161606,3.056760,3.045736,2.912175,3.136738,3.278022
A:53:OE1--B:7:NE,3.700000,3.700000,3.406617,2.757778,3.164980,3.558775,2.775959,2.749737,3.698503,2.784653,3.346319,2.912798,3.492062,3.299377,2.808753,2.965374,2.773689,3.460646,2.915841,3.716387,2.724780,3.336343
A:54:N--B:6:O,3.600000,3.600000,2.743289,2.785931,2.837324,2.765651,2.766832,2.813032,2.789938,2.768554,2.824729,2.808515,2.784626,2.825213,2.757648,2.821551,2.830604,2.744559,2.732361,2.761969,2.851769,2.907390
A:54:O--B:6:N,3.600000,3.600000,2.932632,2.956795,2.935861,2.893463,2.940958,2.886453,2.893633,2.849196,2.831590,2.847082,2.831829,3.030852,2.917627,2.953813,3.031508,2.926367,3.006879,2.914527,3.021845,3.007402
A:55:O--A:59:N,3.300000,3.300000,3.045273,3.011720,3.170323,3.104200,3.108315,3.071826,3.170836,3.142194,3.211038,3.170633,3.145914,3.150259,3.080081,3.123348,3.140577,3.002601,3.053953,3.107963,3.087538,3.046515
A:60:O--A:64:N,3.300000,3.300000,3.086766,3.073362,3.059356,3.006105,3.012214,2.968931,2.985275,3.151849,3.036085,3.081467,2.997243,3.019395,3.060879,3.006171,3.051607,3.146191,3.048673,3.030904,3.157979,2.986327
A:61:O--A:65:N,3.300000,3.300000,3.244024,3.218279,3.208906,3.191771,3.149525,3.086714,3.104104,3.231991,3.126538,3.227723,3.252342,3.219053,3.157356,3.249816,3.235057,3.184224,3.217589,3.207849,3.175314,3.147127
A:62:O--A:66:N,3.300000,3.300000,3.110353,3.111962,3.078142,3.128778,2.987962,3.161871,3.052444,2.991933,3.103320,3.039499,3.065631,3.025214,2.905381,3.013491,3.112952,3.116354,3.165164,3.052393,3.147361,3.141178
A:63:O--A:67:N,3.300000,3.300000,2.850606,2.835693,2.848947,2.810974,2.838631,2.849495,2.771810,2.849727,2.827778,2.843301,2.887748,2.840412,2.833999,2.842792,2.905796,2.874868,2.879527,2.812141,2.822617,2.954653
A:64:O--A:68:N,3.300000,3.300000,2.900525,2.854296,2.905405,2.891241,2.917486,3.027098,2.948785,2.971066,2.884617,2.959923,3.000149,2.956320,2.939539,3.009745,2.909338,3.053512,3.027873,2.990636,2.823968,3.067724
A:65:O--A:69:N,3.300000,3.300000,2.912491,2.870064,2.871746,2.832393,2.859641,2.884534,2.821932,2.874755,2.899449,2.885566,2.979200,2.783613,2.865273,2.914782,2.860051,2.986364,2.867978,2.791150,2.824591,2.937598
A:66:O--A:70:N,3.300000,3.300000,3.154294,3.051656,3.037685,3.040141,3.139911,3.059456,3.123939,3.011373,3.088996,3.176106,3.000636,3.129095,3.005722,3.061650,3.010936,3.101386,3.142085,3.095886,3.083781,3.087269
A:67:O--A:71:N,3.300000,3.300000,3.014602,2.942091,3.014364,2.943222,2.985423,3.006295,3.059883,3.007305,3.017802,3.027469,2.988638,3.019297,2.923052,3.022107,3.032048,3.098542,3.038230,2.962022,3.023393,3.007807
A:68:O--A:72:N,3.300000,3.300000,2.843484,2.918566,2.912819,2.812196,2.892636,2.873195,2.728174,2.759032,2.873555,2.763057,2.836741,2.792705,2.879424,2.833318,2.846908,2.794010,2.837229,2.813995,2.784823,2.845343
A:69:O--A:73:N,3.600000,3.600000,3.153276,3.323473,3.300922,3.276086,3.333024,3.334250,3.309357,3.349024,3.265788,3.262131,3.317437,3.339937,3.265404,3.334523,3.288578,3.309078,3.314836,3.314962,3.314522,3.313180
A:70:O--A:74:N,3.600000,3.600000,3.547197,3.343246,3.427319,3.519108,3.434811,3.499949,3.442810,3.512184,3.378599,3.581570,3.453788,3.540309,3.308662,3.427959,3.426023,3.493964,3.473384,3.441448,3.601510,3.447242
A:71:O--A:75:N,3.300000,3.300000,3.039561,3.032165,3.020199,3.031618,2.984402,3.017818,2.998637,3.043227,2.989236,3.040651,2.971187,3.055729,3.045606,2.972872,2.992771,3.015003,3.031193,3.022858,3.076630,3.002055
A:72:O--A:76:N,3.300000,3.300000,2.822037,2.832928,2.829069,2.800931,2.845787,2.833121,2.842369,2.834093,2.874746,2.818179,2.827694,2.837439,2.833769,2.840709,2.883752,2.853164,2.877330,2.868847,2.873202,2.863347
